[
{
    "model": "admin.logentry",
    "pk": 1,
    "fields": {
        "action_time": "2025-02-01T23:04:10.725",
        "user": 9,
        "content_type": 13,
        "object_id": "8",
        "object_repr": "andrewdiaz",
        "action_flag": 2,
        "change_message": "[{\"changed\": {\"fields\": [\"Password\"]}}]"
    }
},
{
    "model": "admin.logentry",
    "pk": 2,
    "fields": {
        "action_time": "2025-02-20T20:20:26.886",
        "user": 9,
        "content_type": 8,
        "object_id": "6",
        "object_repr": "caja de cambio",
        "action_flag": 1,
        "change_message": "[{\"added\": {}}]"
    }
},
{
    "model": "admin.logentry",
    "pk": 3,
    "fields": {
        "action_time": "2025-02-20T20:22:40.479",
        "user": 9,
        "content_type": 7,
        "object_id": "6",
        "object_repr": "tarjeta",
        "action_flag": 1,
        "change_message": "[{\"added\": {}}]"
    }
},
{
    "model": "admin.logentry",
    "pk": 4,
    "fields": {
        "action_time": "2025-02-20T20:23:52.380",
        "user": 9,
        "content_type": 11,
        "object_id": "6",
        "object_repr": "caja de cambio",
        "action_flag": 1,
        "change_message": "[{\"added\": {}}]"
    }
},
{
    "model": "admin.logentry",
    "pk": 5,
    "fields": {
        "action_time": "2025-02-20T20:24:37.172",
        "user": 9,
        "content_type": 12,
        "object_id": "13",
        "object_repr": "PiezaMotor_Pedido object (13)",
        "action_flag": 1,
        "change_message": "[{\"added\": {}}]"
    }
},
{
    "model": "admin.logentry",
    "pk": 6,
    "fields": {
        "action_time": "2025-02-28T20:53:33.491",
        "user": 9,
        "content_type": 13,
        "object_id": "16",
        "object_repr": "guest",
        "action_flag": 1,
        "change_message": "[{\"added\": {}}]"
    }
},
{
    "model": "admin.logentry",
    "pk": 7,
    "fields": {
        "action_time": "2025-02-28T20:53:40.954",
        "user": 9,
        "content_type": 13,
        "object_id": "16",
        "object_repr": "guest",
        "action_flag": 2,
        "change_message": "[{\"changed\": {\"fields\": [\"Last name\"]}}]"
    }
},
{
    "model": "admin.logentry",
    "pk": 8,
    "fields": {
        "action_time": "2025-02-28T20:53:54.104",
        "user": 9,
        "content_type": 13,
        "object_id": "16",
        "object_repr": "guest",
        "action_flag": 2,
        "change_message": "[{\"changed\": {\"fields\": [\"Last name\"]}}]"
    }
},
{
    "model": "admin.logentry",
    "pk": 9,
    "fields": {
        "action_time": "2025-02-28T21:20:21.204",
        "user": 9,
        "content_type": 13,
        "object_id": "15",
        "object_repr": "senior_H",
        "action_flag": 3,
        "change_message": ""
    }
},
{
    "model": "admin.logentry",
    "pk": 10,
    "fields": {
        "action_time": "2025-03-02T11:02:22.132",
        "user": 9,
        "content_type": 13,
        "object_id": "17",
        "object_repr": "senior_H_hut",
        "action_flag": 3,
        "change_message": ""
    }
},
{
    "model": "admin.logentry",
    "pk": 11,
    "fields": {
        "action_time": "2025-03-02T11:02:22.132",
        "user": 9,
        "content_type": 13,
        "object_id": "14",
        "object_repr": "nelson1",
        "action_flag": 3,
        "change_message": ""
    }
},
{
    "model": "admin.logentry",
    "pk": 12,
    "fields": {
        "action_time": "2025-03-02T11:15:18.492",
        "user": 9,
        "content_type": 13,
        "object_id": "18",
        "object_repr": "nelson_c",
        "action_flag": 3,
        "change_message": ""
    }
},
{
    "model": "admin.logentry",
    "pk": 13,
    "fields": {
        "action_time": "2025-03-02T11:29:43.458",
        "user": 9,
        "content_type": 13,
        "object_id": "19",
        "object_repr": "nelson_c",
        "action_flag": 3,
        "change_message": ""
    }
},
{
    "model": "admin.logentry",
    "pk": 14,
    "fields": {
        "action_time": "2025-03-02T12:17:52.045",
        "user": 9,
        "content_type": 13,
        "object_id": "20",
        "object_repr": "nelson_c",
        "action_flag": 3,
        "change_message": ""
    }
},
{
    "model": "admin.logentry",
    "pk": 15,
    "fields": {
        "action_time": "2025-03-02T12:20:49.851",
        "user": 9,
        "content_type": 13,
        "object_id": "21",
        "object_repr": "nelson_c",
        "action_flag": 3,
        "change_message": ""
    }
},
{
    "model": "admin.logentry",
    "pk": 16,
    "fields": {
        "action_time": "2025-03-02T12:29:30.795",
        "user": 9,
        "content_type": 13,
        "object_id": "22",
        "object_repr": "nelson_c",
        "action_flag": 3,
        "change_message": ""
    }
},
{
    "model": "admin.logentry",
    "pk": 17,
    "fields": {
        "action_time": "2025-03-04T13:04:33.408",
        "user": 9,
        "content_type": 13,
        "object_id": "27",
        "object_repr": "fabian",
        "action_flag": 3,
        "change_message": ""
    }
},
{
    "model": "admin.logentry",
    "pk": 18,
    "fields": {
        "action_time": "2025-03-04T13:12:52.946",
        "user": 9,
        "content_type": 13,
        "object_id": "28",
        "object_repr": "fabian",
        "action_flag": 3,
        "change_message": ""
    }
},
{
    "model": "admin.logentry",
    "pk": 19,
    "fields": {
        "action_time": "2025-03-04T13:16:27.650",
        "user": 9,
        "content_type": 13,
        "object_id": "29",
        "object_repr": "fabian",
        "action_flag": 3,
        "change_message": ""
    }
},
{
    "model": "admin.logentry",
    "pk": 20,
    "fields": {
        "action_time": "2025-03-04T13:20:35.058",
        "user": 9,
        "content_type": 13,
        "object_id": "30",
        "object_repr": "fabian",
        "action_flag": 3,
        "change_message": ""
    }
},
{
    "model": "admin.logentry",
    "pk": 21,
    "fields": {
        "action_time": "2025-03-04T13:30:20.217",
        "user": 9,
        "content_type": 13,
        "object_id": "31",
        "object_repr": "fabian",
        "action_flag": 3,
        "change_message": ""
    }
},
{
    "model": "admin.logentry",
    "pk": 22,
    "fields": {
        "action_time": "2025-03-04T13:32:39.836",
        "user": 9,
        "content_type": 3,
        "object_id": "1",
        "object_repr": "empleados",
        "action_flag": 1,
        "change_message": "[{\"added\": {}}]"
    }
},
{
    "model": "admin.logentry",
    "pk": 23,
    "fields": {
        "action_time": "2025-03-04T13:33:39.491",
        "user": 9,
        "content_type": 3,
        "object_id": "2",
        "object_repr": "cliente",
        "action_flag": 1,
        "change_message": "[{\"added\": {}}]"
    }
},
{
    "model": "admin.logentry",
    "pk": 24,
    "fields": {
        "action_time": "2025-03-04T13:39:37.958",
        "user": 9,
        "content_type": 13,
        "object_id": "32",
        "object_repr": "fabian",
        "action_flag": 3,
        "change_message": ""
    }
},
{
    "model": "admin.logentry",
    "pk": 25,
    "fields": {
        "action_time": "2025-03-04T13:53:55.518",
        "user": 9,
        "content_type": 13,
        "object_id": "33",
        "object_repr": "fabian",
        "action_flag": 3,
        "change_message": ""
    }
},
{
    "model": "admin.logentry",
    "pk": 26,
    "fields": {
        "action_time": "2025-03-04T13:57:45.081",
        "user": 9,
        "content_type": 13,
        "object_id": "34",
        "object_repr": "fabian",
        "action_flag": 3,
        "change_message": ""
    }
},
{
    "model": "admin.logentry",
    "pk": 27,
    "fields": {
        "action_time": "2025-03-04T14:08:59.876",
        "user": 9,
        "content_type": 13,
        "object_id": "35",
        "object_repr": "fabian",
        "action_flag": 3,
        "change_message": ""
    }
},
{
    "model": "admin.logentry",
    "pk": 28,
    "fields": {
        "action_time": "2025-03-04T14:27:41.606",
        "user": 9,
        "content_type": 13,
        "object_id": "36",
        "object_repr": "fabian",
        "action_flag": 3,
        "change_message": ""
    }
},
{
    "model": "admin.logentry",
    "pk": 29,
    "fields": {
        "action_time": "2025-03-04T14:31:09.354",
        "user": 9,
        "content_type": 13,
        "object_id": "37",
        "object_repr": "fabian",
        "action_flag": 3,
        "change_message": ""
    }
},
{
    "model": "admin.logentry",
    "pk": 30,
    "fields": {
        "action_time": "2025-03-04T14:38:58.147",
        "user": 9,
        "content_type": 13,
        "object_id": "38",
        "object_repr": "fabian",
        "action_flag": 3,
        "change_message": ""
    }
},
{
    "model": "admin.logentry",
    "pk": 31,
    "fields": {
        "action_time": "2025-03-04T15:13:26.093",
        "user": 9,
        "content_type": 13,
        "object_id": "39",
        "object_repr": "fabian",
        "action_flag": 3,
        "change_message": ""
    }
},
{
    "model": "admin.logentry",
    "pk": 32,
    "fields": {
        "action_time": "2025-03-04T18:34:20.652",
        "user": 9,
        "content_type": 3,
        "object_id": "2",
        "object_repr": "clientes",
        "action_flag": 2,
        "change_message": "[{\"changed\": {\"fields\": [\"Name\"]}}]"
    }
},
{
    "model": "admin.logentry",
    "pk": 33,
    "fields": {
        "action_time": "2025-03-04T18:34:28.835",
        "user": 9,
        "content_type": 3,
        "object_id": "1",
        "object_repr": "empleados",
        "action_flag": 2,
        "change_message": "[]"
    }
},
{
    "model": "admin.logentry",
    "pk": 34,
    "fields": {
        "action_time": "2025-03-04T18:56:11.119",
        "user": 9,
        "content_type": 3,
        "object_id": "2",
        "object_repr": "clientes",
        "action_flag": 2,
        "change_message": "[]"
    }
},
{
    "model": "admin.logentry",
    "pk": 35,
    "fields": {
        "action_time": "2025-03-04T19:41:09.089",
        "user": 9,
        "content_type": 3,
        "object_id": "2",
        "object_repr": "clientes",
        "action_flag": 2,
        "change_message": "[{\"changed\": {\"fields\": [\"Permissions\"]}}]"
    }
},
{
    "model": "admin.logentry",
    "pk": 36,
    "fields": {
        "action_time": "2025-03-04T19:43:04.184",
        "user": 9,
        "content_type": 13,
        "object_id": "40",
        "object_repr": "fabian",
        "action_flag": 2,
        "change_message": "[{\"changed\": {\"fields\": [\"Groups\"]}}]"
    }
},
{
    "model": "admin.logentry",
    "pk": 37,
    "fields": {
        "action_time": "2025-03-04T19:43:15.178",
        "user": 9,
        "content_type": 13,
        "object_id": "40",
        "object_repr": "fabian",
        "action_flag": 2,
        "change_message": "[{\"changed\": {\"fields\": [\"Rol\"]}}]"
    }
},
{
    "model": "admin.logentry",
    "pk": 38,
    "fields": {
        "action_time": "2025-03-04T20:17:08.527",
        "user": 9,
        "content_type": 3,
        "object_id": "2",
        "object_repr": "clientes",
        "action_flag": 2,
        "change_message": "[{\"changed\": {\"fields\": [\"Permissions\"]}}]"
    }
},
{
    "model": "admin.logentry",
    "pk": 39,
    "fields": {
        "action_time": "2025-03-04T22:50:36.068",
        "user": 9,
        "content_type": 3,
        "object_id": "1",
        "object_repr": "empleados",
        "action_flag": 2,
        "change_message": "[]"
    }
},
{
    "model": "admin.logentry",
    "pk": 40,
    "fields": {
        "action_time": "2025-03-04T22:53:23.978",
        "user": 9,
        "content_type": 3,
        "object_id": "2",
        "object_repr": "clientes",
        "action_flag": 2,
        "change_message": "[{\"changed\": {\"fields\": [\"Permissions\"]}}]"
    }
},
{
    "model": "admin.logentry",
    "pk": 41,
    "fields": {
        "action_time": "2025-03-04T23:29:52.332",
        "user": 9,
        "content_type": 13,
        "object_id": "41",
        "object_repr": "sara",
        "action_flag": 2,
        "change_message": "[{\"changed\": {\"fields\": [\"Groups\", \"Rol\"]}}]"
    }
},
{
    "model": "admin.logentry",
    "pk": 42,
    "fields": {
        "action_time": "2025-03-04T23:40:11.798",
        "user": 9,
        "content_type": 13,
        "object_id": "40",
        "object_repr": "fabian",
        "action_flag": 2,
        "change_message": "[{\"changed\": {\"fields\": [\"Groups\", \"Rol\"]}}]"
    }
},
{
    "model": "admin.logentry",
    "pk": 43,
    "fields": {
        "action_time": "2025-03-05T17:48:46.542",
        "user": 9,
        "content_type": 3,
        "object_id": "2",
        "object_repr": "clientes",
        "action_flag": 2,
        "change_message": "[{\"changed\": {\"fields\": [\"Permissions\"]}}]"
    }
},
{
    "model": "admin.logentry",
    "pk": 44,
    "fields": {
        "action_time": "2025-03-05T17:50:48.662",
        "user": 9,
        "content_type": 3,
        "object_id": "1",
        "object_repr": "empleados",
        "action_flag": 2,
        "change_message": "[{\"changed\": {\"fields\": [\"Permissions\"]}}]"
    }
},
{
    "model": "auth.permission",
    "pk": 1,
    "fields": {
        "name": "Can add log entry",
        "content_type": 1,
        "codename": "add_logentry"
    }
},
{
    "model": "auth.permission",
    "pk": 2,
    "fields": {
        "name": "Can change log entry",
        "content_type": 1,
        "codename": "change_logentry"
    }
},
{
    "model": "auth.permission",
    "pk": 3,
    "fields": {
        "name": "Can delete log entry",
        "content_type": 1,
        "codename": "delete_logentry"
    }
},
{
    "model": "auth.permission",
    "pk": 4,
    "fields": {
        "name": "Can view log entry",
        "content_type": 1,
        "codename": "view_logentry"
    }
},
{
    "model": "auth.permission",
    "pk": 5,
    "fields": {
        "name": "Can add permission",
        "content_type": 2,
        "codename": "add_permission"
    }
},
{
    "model": "auth.permission",
    "pk": 6,
    "fields": {
        "name": "Can change permission",
        "content_type": 2,
        "codename": "change_permission"
    }
},
{
    "model": "auth.permission",
    "pk": 7,
    "fields": {
        "name": "Can delete permission",
        "content_type": 2,
        "codename": "delete_permission"
    }
},
{
    "model": "auth.permission",
    "pk": 8,
    "fields": {
        "name": "Can view permission",
        "content_type": 2,
        "codename": "view_permission"
    }
},
{
    "model": "auth.permission",
    "pk": 9,
    "fields": {
        "name": "Can add group",
        "content_type": 3,
        "codename": "add_group"
    }
},
{
    "model": "auth.permission",
    "pk": 10,
    "fields": {
        "name": "Can change group",
        "content_type": 3,
        "codename": "change_group"
    }
},
{
    "model": "auth.permission",
    "pk": 11,
    "fields": {
        "name": "Can delete group",
        "content_type": 3,
        "codename": "delete_group"
    }
},
{
    "model": "auth.permission",
    "pk": 12,
    "fields": {
        "name": "Can view group",
        "content_type": 3,
        "codename": "view_group"
    }
},
{
    "model": "auth.permission",
    "pk": 13,
    "fields": {
        "name": "Can add content type",
        "content_type": 4,
        "codename": "add_contenttype"
    }
},
{
    "model": "auth.permission",
    "pk": 14,
    "fields": {
        "name": "Can change content type",
        "content_type": 4,
        "codename": "change_contenttype"
    }
},
{
    "model": "auth.permission",
    "pk": 15,
    "fields": {
        "name": "Can delete content type",
        "content_type": 4,
        "codename": "delete_contenttype"
    }
},
{
    "model": "auth.permission",
    "pk": 16,
    "fields": {
        "name": "Can view content type",
        "content_type": 4,
        "codename": "view_contenttype"
    }
},
{
    "model": "auth.permission",
    "pk": 17,
    "fields": {
        "name": "Can add session",
        "content_type": 5,
        "codename": "add_session"
    }
},
{
    "model": "auth.permission",
    "pk": 18,
    "fields": {
        "name": "Can change session",
        "content_type": 5,
        "codename": "change_session"
    }
},
{
    "model": "auth.permission",
    "pk": 19,
    "fields": {
        "name": "Can delete session",
        "content_type": 5,
        "codename": "delete_session"
    }
},
{
    "model": "auth.permission",
    "pk": 20,
    "fields": {
        "name": "Can view session",
        "content_type": 5,
        "codename": "view_session"
    }
},
{
    "model": "auth.permission",
    "pk": 21,
    "fields": {
        "name": "Can add empleado",
        "content_type": 6,
        "codename": "add_empleado"
    }
},
{
    "model": "auth.permission",
    "pk": 22,
    "fields": {
        "name": "Can change empleado",
        "content_type": 6,
        "codename": "change_empleado"
    }
},
{
    "model": "auth.permission",
    "pk": 23,
    "fields": {
        "name": "Can delete empleado",
        "content_type": 6,
        "codename": "delete_empleado"
    }
},
{
    "model": "auth.permission",
    "pk": 24,
    "fields": {
        "name": "Can view empleado",
        "content_type": 6,
        "codename": "view_empleado"
    }
},
{
    "model": "auth.permission",
    "pk": 25,
    "fields": {
        "name": "Can add metodo pago",
        "content_type": 7,
        "codename": "add_metodopago"
    }
},
{
    "model": "auth.permission",
    "pk": 26,
    "fields": {
        "name": "Can change metodo pago",
        "content_type": 7,
        "codename": "change_metodopago"
    }
},
{
    "model": "auth.permission",
    "pk": 27,
    "fields": {
        "name": "Can delete metodo pago",
        "content_type": 7,
        "codename": "delete_metodopago"
    }
},
{
    "model": "auth.permission",
    "pk": 28,
    "fields": {
        "name": "Can view metodo pago",
        "content_type": 7,
        "codename": "view_metodopago"
    }
},
{
    "model": "auth.permission",
    "pk": 29,
    "fields": {
        "name": "Can add pieza motor",
        "content_type": 8,
        "codename": "add_piezamotor"
    }
},
{
    "model": "auth.permission",
    "pk": 30,
    "fields": {
        "name": "Can change pieza motor",
        "content_type": 8,
        "codename": "change_piezamotor"
    }
},
{
    "model": "auth.permission",
    "pk": 31,
    "fields": {
        "name": "Can delete pieza motor",
        "content_type": 8,
        "codename": "delete_piezamotor"
    }
},
{
    "model": "auth.permission",
    "pk": 32,
    "fields": {
        "name": "Can view pieza motor",
        "content_type": 8,
        "codename": "view_piezamotor"
    }
},
{
    "model": "auth.permission",
    "pk": 33,
    "fields": {
        "name": "Can add proveedor",
        "content_type": 9,
        "codename": "add_proveedor"
    }
},
{
    "model": "auth.permission",
    "pk": 34,
    "fields": {
        "name": "Can change proveedor",
        "content_type": 9,
        "codename": "change_proveedor"
    }
},
{
    "model": "auth.permission",
    "pk": 35,
    "fields": {
        "name": "Can delete proveedor",
        "content_type": 9,
        "codename": "delete_proveedor"
    }
},
{
    "model": "auth.permission",
    "pk": 36,
    "fields": {
        "name": "Can view proveedor",
        "content_type": 9,
        "codename": "view_proveedor"
    }
},
{
    "model": "auth.permission",
    "pk": 37,
    "fields": {
        "name": "Can add cliente",
        "content_type": 10,
        "codename": "add_cliente"
    }
},
{
    "model": "auth.permission",
    "pk": 38,
    "fields": {
        "name": "Can change cliente",
        "content_type": 10,
        "codename": "change_cliente"
    }
},
{
    "model": "auth.permission",
    "pk": 39,
    "fields": {
        "name": "Can delete cliente",
        "content_type": 10,
        "codename": "delete_cliente"
    }
},
{
    "model": "auth.permission",
    "pk": 40,
    "fields": {
        "name": "Can view cliente",
        "content_type": 10,
        "codename": "view_cliente"
    }
},
{
    "model": "auth.permission",
    "pk": 41,
    "fields": {
        "name": "Can add pedido",
        "content_type": 11,
        "codename": "add_pedido"
    }
},
{
    "model": "auth.permission",
    "pk": 42,
    "fields": {
        "name": "Can change pedido",
        "content_type": 11,
        "codename": "change_pedido"
    }
},
{
    "model": "auth.permission",
    "pk": 43,
    "fields": {
        "name": "Can delete pedido",
        "content_type": 11,
        "codename": "delete_pedido"
    }
},
{
    "model": "auth.permission",
    "pk": 44,
    "fields": {
        "name": "Can view pedido",
        "content_type": 11,
        "codename": "view_pedido"
    }
},
{
    "model": "auth.permission",
    "pk": 45,
    "fields": {
        "name": "Can add pieza motor_ pedido",
        "content_type": 12,
        "codename": "add_piezamotor_pedido"
    }
},
{
    "model": "auth.permission",
    "pk": 46,
    "fields": {
        "name": "Can change pieza motor_ pedido",
        "content_type": 12,
        "codename": "change_piezamotor_pedido"
    }
},
{
    "model": "auth.permission",
    "pk": 47,
    "fields": {
        "name": "Can delete pieza motor_ pedido",
        "content_type": 12,
        "codename": "delete_piezamotor_pedido"
    }
},
{
    "model": "auth.permission",
    "pk": 48,
    "fields": {
        "name": "Can view pieza motor_ pedido",
        "content_type": 12,
        "codename": "view_piezamotor_pedido"
    }
},
{
    "model": "auth.permission",
    "pk": 49,
    "fields": {
        "name": "Can add user",
        "content_type": 13,
        "codename": "add_usuario"
    }
},
{
    "model": "auth.permission",
    "pk": 50,
    "fields": {
        "name": "Can change user",
        "content_type": 13,
        "codename": "change_usuario"
    }
},
{
    "model": "auth.permission",
    "pk": 51,
    "fields": {
        "name": "Can delete user",
        "content_type": 13,
        "codename": "delete_usuario"
    }
},
{
    "model": "auth.permission",
    "pk": 52,
    "fields": {
        "name": "Can view user",
        "content_type": 13,
        "codename": "view_usuario"
    }
},
{
    "model": "auth.permission",
    "pk": 53,
    "fields": {
        "name": "Can add application",
        "content_type": 14,
        "codename": "add_application"
    }
},
{
    "model": "auth.permission",
    "pk": 54,
    "fields": {
        "name": "Can change application",
        "content_type": 14,
        "codename": "change_application"
    }
},
{
    "model": "auth.permission",
    "pk": 55,
    "fields": {
        "name": "Can delete application",
        "content_type": 14,
        "codename": "delete_application"
    }
},
{
    "model": "auth.permission",
    "pk": 56,
    "fields": {
        "name": "Can view application",
        "content_type": 14,
        "codename": "view_application"
    }
},
{
    "model": "auth.permission",
    "pk": 57,
    "fields": {
        "name": "Can add access token",
        "content_type": 15,
        "codename": "add_accesstoken"
    }
},
{
    "model": "auth.permission",
    "pk": 58,
    "fields": {
        "name": "Can change access token",
        "content_type": 15,
        "codename": "change_accesstoken"
    }
},
{
    "model": "auth.permission",
    "pk": 59,
    "fields": {
        "name": "Can delete access token",
        "content_type": 15,
        "codename": "delete_accesstoken"
    }
},
{
    "model": "auth.permission",
    "pk": 60,
    "fields": {
        "name": "Can view access token",
        "content_type": 15,
        "codename": "view_accesstoken"
    }
},
{
    "model": "auth.permission",
    "pk": 61,
    "fields": {
        "name": "Can add grant",
        "content_type": 16,
        "codename": "add_grant"
    }
},
{
    "model": "auth.permission",
    "pk": 62,
    "fields": {
        "name": "Can change grant",
        "content_type": 16,
        "codename": "change_grant"
    }
},
{
    "model": "auth.permission",
    "pk": 63,
    "fields": {
        "name": "Can delete grant",
        "content_type": 16,
        "codename": "delete_grant"
    }
},
{
    "model": "auth.permission",
    "pk": 64,
    "fields": {
        "name": "Can view grant",
        "content_type": 16,
        "codename": "view_grant"
    }
},
{
    "model": "auth.permission",
    "pk": 65,
    "fields": {
        "name": "Can add refresh token",
        "content_type": 17,
        "codename": "add_refreshtoken"
    }
},
{
    "model": "auth.permission",
    "pk": 66,
    "fields": {
        "name": "Can change refresh token",
        "content_type": 17,
        "codename": "change_refreshtoken"
    }
},
{
    "model": "auth.permission",
    "pk": 67,
    "fields": {
        "name": "Can delete refresh token",
        "content_type": 17,
        "codename": "delete_refreshtoken"
    }
},
{
    "model": "auth.permission",
    "pk": 68,
    "fields": {
        "name": "Can view refresh token",
        "content_type": 17,
        "codename": "view_refreshtoken"
    }
},
{
    "model": "auth.permission",
    "pk": 69,
    "fields": {
        "name": "Can add id token",
        "content_type": 18,
        "codename": "add_idtoken"
    }
},
{
    "model": "auth.permission",
    "pk": 70,
    "fields": {
        "name": "Can change id token",
        "content_type": 18,
        "codename": "change_idtoken"
    }
},
{
    "model": "auth.permission",
    "pk": 71,
    "fields": {
        "name": "Can delete id token",
        "content_type": 18,
        "codename": "delete_idtoken"
    }
},
{
    "model": "auth.permission",
    "pk": 72,
    "fields": {
        "name": "Can view id token",
        "content_type": 18,
        "codename": "view_idtoken"
    }
},
{
    "model": "auth.group",
    "pk": 1,
    "fields": {
        "name": "empleados",
        "permissions": [
            44,
            33,
            34,
            35,
            36
        ]
    }
},
{
    "model": "auth.group",
    "pk": 2,
    "fields": {
        "name": "clientes",
        "permissions": [
            41,
            42,
            43,
            44
        ]
    }
},
{
    "model": "contenttypes.contenttype",
    "pk": 1,
    "fields": {
        "app_label": "admin",
        "model": "logentry"
    }
},
{
    "model": "contenttypes.contenttype",
    "pk": 2,
    "fields": {
        "app_label": "auth",
        "model": "permission"
    }
},
{
    "model": "contenttypes.contenttype",
    "pk": 3,
    "fields": {
        "app_label": "auth",
        "model": "group"
    }
},
{
    "model": "contenttypes.contenttype",
    "pk": 4,
    "fields": {
        "app_label": "contenttypes",
        "model": "contenttype"
    }
},
{
    "model": "contenttypes.contenttype",
    "pk": 5,
    "fields": {
        "app_label": "sessions",
        "model": "session"
    }
},
{
    "model": "contenttypes.contenttype",
    "pk": 6,
    "fields": {
        "app_label": "EmpresaVentaPiezasCoche",
        "model": "empleado"
    }
},
{
    "model": "contenttypes.contenttype",
    "pk": 7,
    "fields": {
        "app_label": "EmpresaVentaPiezasCoche",
        "model": "metodopago"
    }
},
{
    "model": "contenttypes.contenttype",
    "pk": 8,
    "fields": {
        "app_label": "EmpresaVentaPiezasCoche",
        "model": "piezamotor"
    }
},
{
    "model": "contenttypes.contenttype",
    "pk": 9,
    "fields": {
        "app_label": "EmpresaVentaPiezasCoche",
        "model": "proveedor"
    }
},
{
    "model": "contenttypes.contenttype",
    "pk": 10,
    "fields": {
        "app_label": "EmpresaVentaPiezasCoche",
        "model": "cliente"
    }
},
{
    "model": "contenttypes.contenttype",
    "pk": 11,
    "fields": {
        "app_label": "EmpresaVentaPiezasCoche",
        "model": "pedido"
    }
},
{
    "model": "contenttypes.contenttype",
    "pk": 12,
    "fields": {
        "app_label": "EmpresaVentaPiezasCoche",
        "model": "piezamotor_pedido"
    }
},
{
    "model": "contenttypes.contenttype",
    "pk": 13,
    "fields": {
        "app_label": "EmpresaVentaPiezasCoche",
        "model": "usuario"
    }
},
{
    "model": "contenttypes.contenttype",
    "pk": 14,
    "fields": {
        "app_label": "oauth2_provider",
        "model": "application"
    }
},
{
    "model": "contenttypes.contenttype",
    "pk": 15,
    "fields": {
        "app_label": "oauth2_provider",
        "model": "accesstoken"
    }
},
{
    "model": "contenttypes.contenttype",
    "pk": 16,
    "fields": {
        "app_label": "oauth2_provider",
        "model": "grant"
    }
},
{
    "model": "contenttypes.contenttype",
    "pk": 17,
    "fields": {
        "app_label": "oauth2_provider",
        "model": "refreshtoken"
    }
},
{
    "model": "contenttypes.contenttype",
    "pk": 18,
    "fields": {
        "app_label": "oauth2_provider",
        "model": "idtoken"
    }
},
{
    "model": "sessions.session",
    "pk": "07y72k57msc4r848ss25ebkziixvm2w7",
    "fields": {
        "session_data": "eyJmZWNoYV9pbmljaW8iOiIzMS8wMS8yMDI1IDIxOjA2In0:1tdxHW:EHN0s-XFIW5hXsy5dnfUn3lr0rniyYXT-V0VHiFAKyg",
        "expire_date": "2025-02-14T21:06:26.559"
    }
},
{
    "model": "sessions.session",
    "pk": "10jz4dfvt49lh8b7gg7p1lprd1nnxflx",
    "fields": {
        "session_data": ".eJxVjEsOAiEQBe_C2pBpaQRcuvcMpKEbGTWQzGdlvLtOMgvdvqp6LxVpXWpcZ5niyOqsgjr8bonyQ9oG-E7t1nXubZnGpDdF73TW187yvOzu30GluX5raxxzNgn4WLyBwhCYJBRrPSKKQeeLzWAICXPgASGdBmEXBhAGQvX-APGqOAU:1tpXBF:EUJoqgfh_8B1CfcY-CfpNlT7xRzksRIi6aiGtEnelCA",
        "expire_date": "2025-03-18T19:39:49.804"
    }
},
{
    "model": "sessions.session",
    "pk": "1fkn5mtwq4g6r5tmfbbw3hlayovo1fg6",
    "fields": {
        "session_data": ".eJxVjEsOAiEQBe_C2pBpaQRcuvcMpKEbGTWQzGdlvLtOMgvdvqp6LxVpXWpcZ5niyOqsgjr8bonyQ9oG-E7t1nXubZnGpDdF73TW187yvOzu30GluX5raxxzNgn4WLyBwhCYJBRrPSKKQeeLzWAICXPgASGdBmEXBhAGQvX-APGqOAU:1tpRq6:GpOMV0zd14YgoMVYGzF08bxb1Q9UFgDBzf6heuXtdY8",
        "expire_date": "2025-03-18T13:57:38.190"
    }
},
{
    "model": "sessions.session",
    "pk": "39ld07mvn06g3yu7hv1s93rr3g1fys8u",
    "fields": {
        "session_data": ".eJxVjEsOAiEQBe_C2pBpaQRcuvcMpKEbGTWQzGdlvLtOMgvdvqp6LxVpXWpcZ5niyOqsgjr8bonyQ9oG-E7t1nXubZnGpDdF73TW187yvOzu30GluX5raxxzNgn4WLyBwhCYJBRrPSKKQeeLzWAICXPgASGdBmEXBhAGQvX-APGqOAU:1tpavZ:Trwo4Vh6E3CbD978kehK3mzehQdvUQezAs30DbeWw6E",
        "expire_date": "2025-03-18T23:39:53.327"
    }
},
{
    "model": "sessions.session",
    "pk": "3oxegsrd0oqy3sdfap38u5mpdj710jbc",
    "fields": {
        "session_data": ".eJxVjDsOwyAQBa8SUUeY5RMbl-lzBrSwEEgikPypotw9tuTG7ZuZ92Uphoyu1BJKYyMT0AnZSSHNBeRoJLsyh-uS3TrHyRXaFHvePIZ3rDugF9Zn46HVZSqe7wo_6MwfjeLnfring4xz3mqjeqKgPJBMg4JEYAmjTcYMWuuodD8kE0ChRh0sCQ3-JiL1VkAkQM1-f41WQNI:1teC3Z:Dmx59oeKm3vhnX0yh66GYVQXgGiUzjkm6YixjJMKJuQ",
        "expire_date": "2025-02-15T12:53:01.769"
    }
},
{
    "model": "sessions.session",
    "pk": "4o4ny8o3ixvsmmvo44tp1agaxvwi7li5",
    "fields": {
        "session_data": "eyJmZWNoYV9pbmljaW8iOiIyNy8wMi8yMDI1IDEzOjEyIn0:1tncl1:709Rx5kdhn5smn4KrQB348sw20hC84aZIFblaGY4vyo",
        "expire_date": "2025-03-13T13:12:51.121"
    }
},
{
    "model": "sessions.session",
    "pk": "551o83fcxmedcbaek5pemg2o8grda2m1",
    "fields": {
        "session_data": ".eJxVjEsOAiEQBe_C2pBpaQRcuvcMpKEbGTWQzGdlvLtOMgvdvqp6LxVpXWpcZ5niyOqsgjr8bonyQ9oG-E7t1nXubZnGpDdF73TW187yvOzu30GluX5raxxzNgn4WLyBwhCYJBRrPSKKQeeLzWAICXPgASGdBmEXBhAGQvX-APGqOAU:1tpSTy:TTH2APqTpWxP7BUeUNc_4qr7214dSJCVN83FqW3mf9Q",
        "expire_date": "2025-03-18T14:38:50.561"
    }
},
{
    "model": "sessions.session",
    "pk": "5byirmj33j9q8lcijj9fooh7nmr62228",
    "fields": {
        "session_data": ".eJxVjDsOwyAQBa8SUUeY5RODy_Q5A1qzEEgikPypotw9tuTG7ZuZ92Uphoy-1BJKYwOTthOyk0KaC9hBAbsyj-uS_TrHyRfaFHfeRgzvWHdAL6zPxkOry1RGviv8oDN_NIqf--GeDjLOeauN6omCGoFksgoSgSOMLhljtdZR6d4mE0ChRh0cCQ3jTUTqnYBIgJr9_pYCQN4:1to4Cx:oYMUrpR0D9XZfKGfBChKAby7nMhR6ayAJqmYDhCIZDg",
        "expire_date": "2025-03-14T18:31:31.678"
    }
},
{
    "model": "sessions.session",
    "pk": "5f111agu0mzjtw7q64fxjxodxre2u2nc",
    "fields": {
        "session_data": ".eJxVjEsOAiEQBe_C2pBpaQRcuvcMpKEbGTWQzGdlvLtOMgvdvqp6LxVpXWpcZ5niyOqsgjr8bonyQ9oG-E7t1nXubZnGpDdF73TW187yvOzu30GluX5raxxzNgn4WLyBwhCYJBRrPSKKQeeLzWAICXPgASGdBmEXBhAGQvX-APGqOAU:1tpruF:mkEp3H42VpcYWmCZ76nuMr1j-Vr69F5dZlZyBzfSCmA",
        "expire_date": "2025-03-19T17:47:39.906"
    }
},
{
    "model": "sessions.session",
    "pk": "67eoslfnguh98c0yy2wx2eb1m7qidtjd",
    "fields": {
        "session_data": ".eJxVjEsOAiEQBe_C2pBpaQRcuvcMpKEbGTWQzGdlvLtOMgvdvqp6LxVpXWpcZ5niyOqsgjr8bonyQ9oG-E7t1nXubZnGpDdF73TW187yvOzu30GluX5raxxzNgn4WLyBwhCYJBRrPSKKQeeLzWAICXPgASGdBmEXBhAGQvX-APGqOAU:1teC5h:7db0301RAPTC8rmzhECYkut1-8nzCOCPnPMlcITx1y4",
        "expire_date": "2025-02-15T12:55:13.894"
    }
},
{
    "model": "sessions.session",
    "pk": "6f9ibcr0zw7sq7lp0lw7yrymn4o2il4r",
    "fields": {
        "session_data": ".eJxVjEsOAiEQBe_C2pBpaQRcuvcMpKEbGTWQzGdlvLtOMgvdvqp6LxVpXWpcZ5niyOqsgjr8bonyQ9oG-E7t1nXubZnGpDdF73TW187yvOzu30GluX5raxxzNgn4WLyBwhCYJBRrPSKKQeeLzWAICXPgASGdBmEXBhAGQvX-APGqOAU:1tpRYC:wU1EUJmdNYMRuCjUOJh3h1aaqi4Gylt7jAuPChkRLjM",
        "expire_date": "2025-03-18T13:39:08.518"
    }
},
{
    "model": "sessions.session",
    "pk": "6wlirrnrv0w546k3e1py06xhudx1n0kk",
    "fields": {
        "session_data": ".eJxVjMsOwiAQRX_FsDaUx2BLl-79BjIwIKiBpI-V8d9tky50e8-5580crkt26xwnV4iNzLLz7-YxPGPdAT2w3hsPrS5T8XxX-EFnfmsUX9fD_QtknPP2NronCtpLUmnQMpG0hNEmYwYAiBr6IZkgNQJCsCRA-ouI1FshI0mELZpiyOhKLaG0rShUJ3SnhDInJUc1sM8XCuhA1w:1topvW:qLc2b-nxw-kumeWqgQGU7Da4pxwwobPtFxIIq7g56PM",
        "expire_date": "2025-03-16T21:28:42.377"
    }
},
{
    "model": "sessions.session",
    "pk": "6x7own387equivrp053jqjfq7fpmhkhb",
    "fields": {
        "session_data": ".eJxVjDsOwyAQRK8SUUeEz2KMy_Q5A1qzEEgikPypotw9tuTG0lTz3syXpRgy-lJLKI0NTKjbFiWUuchuUJZdmcd1yX6d4-QLbYo7dyOGd6w7oBfWZ-Oh1WUqI98VftCZPxrFz_1wTwcZ57ytjbZEQY-SVOq1TCQdYXTJmB4AogbbJxOkRkAIjgTIsRORrBMykkRgvz-SKEDZ:1tebsp:L98kLZAQ8QX83TVxYylVCHvpVZsbvj_fIxjlEpqYUrQ",
        "expire_date": "2025-02-16T16:27:39.608"
    }
},
{
    "model": "sessions.session",
    "pk": "72v1bar6k9l6qgwwyr882xqnuivfedej",
    "fields": {
        "session_data": ".eJxVjDsOwyAQBa8SUUeY5RMbl-lzBrSwEEgikPypotw9tuTG7ZuZ92Uphoyu1BJKYyOTohOyk0KaixQjGHZlDtclu3WOkyu0Kfa8eQzvWHdAL6zPxkOry1Q83xV-0Jk_GsXP_XBPBxnnvNVG9URBeSCZBgWJwBJGm4wZtNZR6X5IJoBCjTpYEhr8TUTqrYBIgJr9_oyzQNE:1tlC1q:BpgCgLjtRm540g0fALhRwMZE6lS9ST5M5nCa8qnbgK8",
        "expire_date": "2025-03-06T20:16:10.256"
    }
},
{
    "model": "sessions.session",
    "pk": "75w10myj1c2jwkcqcrre3mw5fg1s5fp7",
    "fields": {
        "session_data": "eyJmZWNoYV9pbmljaW8iOiIwOS8wMi8yMDI1IDE2OjI3In0:1th9Dx:Y7pdWuON-iIaRQSig2cfawWzh2BkY8N7pOqtU4cMOSk",
        "expire_date": "2025-02-23T16:27:57.404"
    }
},
{
    "model": "sessions.session",
    "pk": "7rx221q5hp6sssunwkbejmemvid8crrk",
    "fields": {
        "session_data": ".eJxVjEsOAiEQBe_C2pBpaQRcuvcMpKEbGTWQzGdlvLtOMgvdvqp6LxVpXWpcZ5niyOqsgjr8bonyQ9oG-E7t1nXubZnGpDdF73TW187yvOzu30GluX5raxxzNgn4WLyBwhCYJBRrPSKKQeeLzWAICXPgASGdBmEXBhAGQvX-APGqOAU:1tohNA:cNA6uZA0FdoB_82vTykq0Pg49kJ3rUgBFARC5ziv_K4",
        "expire_date": "2025-03-16T12:20:40.890"
    }
},
{
    "model": "sessions.session",
    "pk": "9nox74nb1vgx6y9arky8holc7lqavrpz",
    "fields": {
        "session_data": ".eJxVjEsOAiEQBe_C2pBpaQRcuvcMpKEbGTWQzGdlvLtOMgvdvqp6LxVpXWpcZ5niyOqsgjr8bonyQ9oG-E7t1nXubZnGpDdF73TW187yvOzu30GluX5raxxzNgn4WLyBwhCYJBRrPSKKQeeLzWAICXPgASGdBmEXBhAGQvX-APGqOAU:1tpT1G:_9xgsPr-gbfLZiJmag9q55o7ZZS7pzW5Qrio-A1DcjM",
        "expire_date": "2025-03-18T15:13:14.646"
    }
},
{
    "model": "sessions.session",
    "pk": "aixyj81eed84y205pzlsa228s759zq4p",
    "fields": {
        "session_data": "eyJmZWNoYV9pbmljaW8iOiIzMC8wMS8yMDI1IDE3OjE4In0:1tdXFC:rf19XqqsyEVDhV7lj97QdBzP88wVT9i2E00SAIl94hQ",
        "expire_date": "2025-02-13T17:18:18.635"
    }
},
{
    "model": "sessions.session",
    "pk": "aly8c2xmi62m2hflbhi4bvybeuuxzhq6",
    "fields": {
        "session_data": "eyJmZWNoYV9pbmljaW8iOiIyMy8wMi8yMDI1IDIwOjMwIn0:1tmHgA:I5fDDNh9zyqML23SnM_2dwEW_3rTH3w0pd0TmzfFqMo",
        "expire_date": "2025-03-09T20:30:18.776"
    }
},
{
    "model": "sessions.session",
    "pk": "b0xt1lcckqhznm0x9q4ulgrctq96ee8a",
    "fields": {
        "session_data": ".eJxVjEsOAiEQBe_C2pBpaQRcuvcMpKEbGTWQzGdlvLtOMgvdvqp6LxVpXWpcZ5niyOqsgjr8bonyQ9oG-E7t1nXubZnGpDdF73TW187yvOzu30GluX5raxxzNgn4WLyBwhCYJBRrPSKKQeeLzWAICXPgASGdBmEXBhAGQvX-APGqOAU:1tpSMQ:3sA2ipEBrQHZ3ZrbQmBC261km4g_IRswjnmCaAFAU60",
        "expire_date": "2025-03-18T14:31:02.237"
    }
},
{
    "model": "sessions.session",
    "pk": "b6ntdfapys20ipj42k48kbevoikvt8x7",
    "fields": {
        "session_data": "eyJmZWNoYV9pbmljaW8iOiIyNy8wMi8yMDI1IDEzOjMwIn0:1tnd2L:iOJczAuhV9t6080WrTSHitks9Hdr4KTo2EKkezoIUhs",
        "expire_date": "2025-03-13T13:30:45.622"
    }
},
{
    "model": "sessions.session",
    "pk": "c3lcztphlech2glytfhawf5s5cgba1db",
    "fields": {
        "session_data": ".eJxVjDsOwyAQBa8SUUeYzxKDy_Q5A1qzEEgikPypotw9tuTG7ZuZ92Uphoy-1BJKYwNTthOqU0KZixKDFuzKPK5L9uscJ19oU9x5GzG8Y90BvbA-Gw-tLlMZ-a7wg8780Sh-7od7Osg45602uicKepSkktUykXSE0SVjLABEDb1NJkiNgBAcCZDjTUTqnZCRJAL7_QGQhkDW:1to64E:NyD35Y4Lf1YXoUIrPsxzZbVc2Vt3UnPb0ikvsn1JG5g",
        "expire_date": "2025-03-14T20:30:38.189"
    }
},
{
    "model": "sessions.session",
    "pk": "cbirjf5u2s0a9zpzep32gz62dq1kjmd2",
    "fields": {
        "session_data": ".eJxVjDsOwyAQBa8SUUeYzxKDy_Q5A1qzEEgikPypotw9tuTG7ZuZ92Uphoy-1BJKYwMTshOqU0KZixKDsezKPK5L9uscJ19oU9x5GzG8Y90BvbA-Gw-tLlMZ-a7wg8780Sh-7od7Osg45602uicKepSkktUykXSE0SVjLABEDb1NJkiNgBAcCZDjTUTqnZCRJAL7_QGQtUDX:1teJda:6KM29M9K8hnO5l-1RgiTi8XAVKsjhjU1k_iNmCjULkg",
        "expire_date": "2025-02-15T20:58:42.142"
    }
},
{
    "model": "sessions.session",
    "pk": "cle7cur8kisvos5qet8k3fwcfw3otdtb",
    "fields": {
        "session_data": ".eJxVjEsOAiEQBe_C2pBpaQRcuvcMpKEbGTWQzGdlvLtOMgvdvqp6LxVpXWpcZ5niyOqsgjr8bonyQ9oG-E7t1nXubZnGpDdF73TW187yvOzu30GluX5raxxzNgn4WLyBwhCYJBRrPSKKQeeLzWAICXPgASGdBmEXBhAGQvX-APGqOAU:1tohVZ:ohn9_miAZ_ETCLaVGma1PPlT3nezNZkvkxv8Ygs-ZLw",
        "expire_date": "2025-03-16T12:29:21.966"
    }
},
{
    "model": "sessions.session",
    "pk": "cw04rvjhqcd8mdka4fh7m7dubgdeip0x",
    "fields": {
        "session_data": ".eJxVjDsOwyAQBa8SUUeYzxIbl-lzBrSwEEgikPypotw9tuTG7ZuZ92Uphoyu1BJKYyMTthOqU0KZi4TRKHZlDtclu3WOkyu0Kfa8eQzvWHdAL6zPxkOry1Q83xV-0Jk_GsXP_XBPBxnnvNVG90RBe0kqDVomkpYw2mTMAABRQz8kE6RGQAiWBEh_E5F6K2QkicB-f5SOQNw:1th7jM:F8iT2PeYcMuX3K-_zdx1pOCfDLtuo19NTIqfY3awl2A",
        "expire_date": "2025-02-23T14:52:16.167"
    }
},
{
    "model": "sessions.session",
    "pk": "d1bj2wutsx6issa98hco5mohor7esaof",
    "fields": {
        "session_data": ".eJxVjDsOwyAQBa8SUUeY5RODy_Q5A1qzEEgikPypotw9tuTG7ZuZ92Uphoy-1BJKYwOTthOyk0KaC7hBKnZlHtcl-3WOky-0Ke68jRjese6AXlifjYdWl6mMfFf4QWf-aBQ_98M9HWSc81Yb1RMFNQLJZBUkAkcYXTLGaq2j0r1NJoBCjTo4EhrGm4jUOwGRADX7_QGXXkDg:1to51B:xX51Zte9jDnYDBtbUK9vFmZzBozvaXfZstoR4YYMb2U",
        "expire_date": "2025-03-14T19:23:25.063"
    }
},
{
    "model": "sessions.session",
    "pk": "dqlgp41g786rfcxaumh5irt4odrrraf0",
    "fields": {
        "session_data": ".eJxVjEsOAiEQBe_C2pBpaQRcuvcMpKEbGTWQzGdlvLtOMgvdvqp6LxVpXWpcZ5niyOqsgjr8bonyQ9oG-E7t1nXubZnGpDdF73TW187yvOzu30GluX5raxxzNgn4WLyBwhCYJBRrPSKKQeeLzWAICXPgASGdBmEXBhAGQvX-APGqOAU:1togZi:DBJsW1Nlw0L-4SdoFh-Aa7N9y9BC7cqR4H-qqk-_vdc",
        "expire_date": "2025-03-16T11:29:34.931"
    }
},
{
    "model": "sessions.session",
    "pk": "emwmlqc6zpu62r9nqmeugbxkxr6jf1ff",
    "fields": {
        "session_data": "eyJmZWNoYV9pbmljaW8iOiIyMy8wMi8yMDI1IDIwOjI3In0:1tmHdE:9VgSJI_YD3tp1vgHFcbgYVpLQ2otxQT8rKbGNlItARs",
        "expire_date": "2025-03-09T20:27:16.194"
    }
},
{
    "model": "sessions.session",
    "pk": "fpc3yumrg09tt0vzedxtqd5edr7weeqe",
    "fields": {
        "session_data": ".eJxVjDsOgzAQBa8SuY7Aa68DpkyfM6DFuw5OIlviU0W5e0CioX0z874qShipTzmFVFSnNNba1kYbdwHbgVFX1dO6jP06y9Qn3hR_3gYKb8k74BflZ6lCycuUhmpXqoPO1aOwfO6HezoYaR632tmGOdgB2MTWQmTwTOKjcy0iisWmjS6AJSQMnjXCcNPCjdcgDITq9weON0DT:1tpR8Y:Xzt9dXCSD4kDMHN11hOAl7F9ay8-766BgHa09-WOLng",
        "expire_date": "2025-03-18T13:12:38.735"
    }
},
{
    "model": "sessions.session",
    "pk": "fyx7uwh2xangvn6kmz7oplqmtf1p3czt",
    "fields": {
        "session_data": ".eJxVjEsOAiEQBe_C2pBpaQRcuvcMpKEbGTWQzGdlvLtOMgvdvqp6LxVpXWpcZ5niyOqsgjr8bonyQ9oG-E7t1nXubZnGpDdF73TW187yvOzu30GluX5raxxzNgn4WLyBwhCYJBRrPSKKQeeLzWAICXPgASGdBmEXBhAGQvX-APGqOAU:1th9E5:PSD2Xg5Ntm9Gd6_xG_dFmT7P38NuaGIXVuvzhblMvoA",
        "expire_date": "2025-02-23T16:28:05.699"
    }
},
{
    "model": "sessions.session",
    "pk": "hvta1awax1dblvfm5l0yx7dsi0kqjqia",
    "fields": {
        "session_data": "eyJmZWNoYV9pbmljaW8iOiIwNC8wMy8yMDI1IDIwOjE3In0:1tpXlR:q0Vr93i6RbL-Zv9M5G_MDrmj_EqXR9dM7260ATMDi_U",
        "expire_date": "2025-03-18T20:17:13.430"
    }
},
{
    "model": "sessions.session",
    "pk": "hykyb3q245zh90x28bpfwwda38rslhfp",
    "fields": {
        "session_data": "eyJmZWNoYV9pbmljaW8iOiIwMy8wMy8yMDI1IDE4OjI4In0:1tp9an:hYjOhB1lKMegSYRw_l4Y3j-DCDRR0Aw28lVJYxUed5E",
        "expire_date": "2025-03-17T18:28:37.635"
    }
},
{
    "model": "sessions.session",
    "pk": "hzohwrsschbjfd2q49d2jhl37djsir31",
    "fields": {
        "session_data": ".eJxVjEEOwiAQRe_C2pCZUmFw6d4zEGCmUjVtUtqV8e7SpAvdvvf-f6sQt7WErcoSRlYXher0y1LMT5l2wY843Wed52ldxqT3RB-26tvM8roe7d9BibW0dSYmpM7Yrs-DdwwGPeGAYnsAcxYL4JGdWNOSyJaoEQcJLBkWRvX5Aqt_NlE:1tdZgU:ac42Ky7lPsJqh1kshTJIiLiUwXbatfO8BbBm9GzXlAw",
        "expire_date": "2025-02-13T19:54:38.710"
    }
},
{
    "model": "sessions.session",
    "pk": "i4p34h0qva40mcje8616sjxkomwrrv6z",
    "fields": {
        "session_data": ".eJxVjDsOwyAQBa8SUUeYzxKDy_Q5A1qzEEgikPypotw9tuTG7ZuZ92Uphoy-1BJKYwNTqhOqU0KZi7QDaHZlHtcl-3WOky-0Ke68jRjese6AXlifjYdWl6mMfFf4QWf-aBQ_98M9HWSc81Yb3RMFPUpSyWqZSDrC6JIxFgCiht4mE6RGQAiOBMjxJiL1TshIEoH9_pOoQNs:1tltXb:1tEhZgJb9-4RlcP-_vMGBNBDn7mOTubd5fzJhxTkSjg",
        "expire_date": "2025-03-08T18:43:51.316"
    }
},
{
    "model": "sessions.session",
    "pk": "j7f8449nt7bktshh0l8yohmbmpb7boi7",
    "fields": {
        "session_data": ".eJxVjDsOwyAQBa8SUUeYNRDAZfqcAa1ZCCQRSP5UUe4eW3Lj9s3M-7IUQ0ZfagmlsYEJ3QnZ9aLXFzCDsOzKPK5L9uscJ19oU9x5GzG8Y90BvbA-Gw-tLlMZ-a7wg8780Sh-7od7Osg4563W0hAFOQL1yUpIBI4wuqS1VUpFqYxNOoBEhSo4EgrGm4hknIBIgIr9_pUSQN0:1tprI6:Fg9bduEvoPdVfWkoes8Ls-WlNvsjPE_h2_X-RuDznnY",
        "expire_date": "2025-03-19T17:08:14.461"
    }
},
{
    "model": "sessions.session",
    "pk": "jj3ftsjma8qqpqot7e45cxqvf8xerjsp",
    "fields": {
        "session_data": ".eJxVjEsOAiEQBe_C2pBpaQRcuvcMpKEbGTWQzGdlvLtOMgvdvqp6LxVpXWpcZ5niyOqsgjr8bonyQ9oG-E7t1nXubZnGpDdF73TW187yvOzu30GluX5raxxzNgn4WLyBwhCYJBRrPSKKQeeLzWAICXPgASGdBmEXBhAGQvX-APGqOAU:1tohKJ:GIPUIfpSmZvZNCF2Uqjg20ojI6PpuBYanlt2CNPyOrk",
        "expire_date": "2025-03-16T12:17:43.875"
    }
},
{
    "model": "sessions.session",
    "pk": "jrkr2t63nggtlajh9paqa9z9tbxmfi6n",
    "fields": {
        "session_data": ".eJxVjDsOwyAQBa8SUUd4F2yMXabPGRBm14EkAsmfKsrdQyQ3bmfmvY-YOUTvUk4hFTEKBQ1go0B1F6XHDsRVOL9v0e0rLy5RTfDMJh9enP-Cnj4_igwlb0ua5D-Rh13lvRC_b0d7Ooh-jXUdLFm0ShvVhnnoCTQOFmdk0wLojg3AgNSz0TXxZKytpIcJjNXEhOL7A0c3Px4:1ta0bZ:1w6WFartwGeTZb-CsXqqqMAb5OpWkwAwRz1NnKLdK28",
        "expire_date": "2025-02-03T23:50:49.777"
    }
},
{
    "model": "sessions.session",
    "pk": "krctf9kusnhlprlknxzicdxfxqlh3s5j",
    "fields": {
        "session_data": ".eJxVjDsOwyAQBa8SUUeYNUtsXKbPGdCahUASgeRPFeXusSU3bt_MvK-IwSdyuWSfqxiEwkbpplWtuYAeFIqrcLQuya1zmFzmTbHnbST_DmUH_KLyrNLXskx5lLsiDzrLR-XwuR_u6SDRnLba6I7Z6xG4jb2GyGCZgo3G9IgYNHZ9NB40IaG3rBDGmwrcWQWBgVD8_o7jQNQ:1tpR0S:lrSttmpNAFy2yrUmEse_xzWzqPzpCPAh_B2KOmT8MO8",
        "expire_date": "2025-03-18T13:04:16.218"
    }
},
{
    "model": "sessions.session",
    "pk": "lczg1gitcqspy2vtzhyfusbjyoasmosa",
    "fields": {
        "session_data": "eyJmZWNoYV9pbmljaW8iOiIwNC8wMi8yMDI1IDE3OjQxIn0:1tfLz6:dRK2uahPhcBZG2FI-Suy6ZDngGV7WlEfrk4QnDom2h4",
        "expire_date": "2025-02-18T17:41:12.151"
    }
},
{
    "model": "sessions.session",
    "pk": "lylpccqtll2qosiwhwehp1r8q2yns0y4",
    "fields": {
        "session_data": "eyJmZWNoYV9pbmljaW8iOiIwMS8wMi8yMDI1IDEyOjMxIn0:1teBig:8gpysWHey6X60LsPc3202zhF-zM2aSJuAnDQTmcpIN8",
        "expire_date": "2025-02-15T12:31:26.922"
    }
},
{
    "model": "sessions.session",
    "pk": "maau707q2hq6g3288kc2qul1olrzlaxw",
    "fields": {
        "session_data": ".eJxVjEsOAiEQBe_C2pBpaQRcuvcMpKEbGTWQzGdlvLtOMgvdvqp6LxVpXWpcZ5niyOqsgjr8bonyQ9oG-E7t1nXubZnGpDdF73TW187yvOzu30GluX5raxxzNgn4WLyBwhCYJBRrPSKKQeeLzWAICXPgASGdBmEXBhAGQvX-APGqOAU:1tpXDr:ArPYhqyt-cLmwd_63UJpKvpP4AgMR-ZD-lRCYUBhSoo",
        "expire_date": "2025-03-18T19:42:31.979"
    }
},
{
    "model": "sessions.session",
    "pk": "mvru27b8waq8zzwf1t0znd5qkw64r8k3",
    "fields": {
        "session_data": ".eJxVjEsOAiEQBe_C2pBpaQRcuvcMpKEbGTWQzGdlvLtOMgvdvqp6LxVpXWpcZ5niyOqsgjr8bonyQ9oG-E7t1nXubZnGpDdF73TW187yvOzu30GluX5raxxzNgn4WLyBwhCYJBRrPSKKQeeLzWAICXPgASGdBmEXBhAGQvX-APGqOAU:1tpRmN:artg-SAzIZGO3qOzbRjHjDaTRhs9Lqg2CccSTPmAbQE",
        "expire_date": "2025-03-18T13:53:47.957"
    }
},
{
    "model": "sessions.session",
    "pk": "n8y6vrnyvs7g2qr7uopiwgydptvfwpgb",
    "fields": {
        "session_data": ".eJxVjEsOAiEQBe_C2pBpaQRcuvcMpKEbGTWQzGdlvLtOMgvdvqp6LxVpXWpcZ5niyOqsgjr8bonyQ9oG-E7t1nXubZnGpDdF73TW187yvOzu30GluX5raxxzNgn4WLyBwhCYJBRrPSKKQeeLzWAICXPgASGdBmEXBhAGQvX-APGqOAU:1togLZ:9bAwcKen1G1HDHNdF6StHwtalif4bhtXT6DwpwAqvmY",
        "expire_date": "2025-03-16T11:14:57.034"
    }
},
{
    "model": "sessions.session",
    "pk": "nkzyge9k2rhgr1wd5ya2a8t4x8io5wyi",
    "fields": {
        "session_data": "eyJmZWNoYV9pbmljaW8iOiIzMS8wMS8yMDI1IDIwOjU2In0:1tdx7r:LTn_dBFGrcG4Pyn0Cr9Ky1L67IHgfvNkIqtdlRvVyhg",
        "expire_date": "2025-02-14T20:56:27.536"
    }
},
{
    "model": "sessions.session",
    "pk": "nlj290igr9zwger4u3anmmxd01cclsap",
    "fields": {
        "session_data": ".eJxVjDsOwyAQBa8SUUeYzxKDy_Q5A1qzEEgikPypotw9tuTG7ZuZ92Uphoy-1BJKYwMTrhOqU0KZi4QBLLsyj-uS_TrHyRfaFHfeRgzvWHdAL6zPxkOry1RGviv8oDN_NIqf--GeDjLOeauN7omCHiWpZLVMJB1hdMkYCwBRQ2-TCVIjIARHAuR4E5F6J2QkicB-f5fuQOE:1th7gF:IWVkTEd_eyq1Xxm3zPKcXPqbMyZfQh7Ipsg6qpEHl80",
        "expire_date": "2025-02-23T14:49:03.224"
    }
},
{
    "model": "sessions.session",
    "pk": "olcthrk23ucx7di8bb01vk41aps6pnti",
    "fields": {
        "session_data": ".eJxVjDsOwyAQBa8SUUcYFoiNy_Q5A1pYCCQRSP5UUe4eW3Lj9s3M-7IUQ0ZXagmlsZEBdAI6EGAuIEcF7Mocrkt26xwnV2hT7HnzGN6x7oBeWJ-Nh1aXqXi-K_ygM380ip_74Z4OMs55q43qiYLykiANSiaSljDaZMygtY5K90MyQSrUqIMloaW_iUi9FTKSRM1-f44uQNM:1tlwBU:faTd2aieS6HwZUaznI_MjCsCPlateKqYAWRvZuYV70Y",
        "expire_date": "2025-03-08T21:33:12.603"
    }
},
{
    "model": "sessions.session",
    "pk": "p7vhc3jeonii2u633yhr47v4fifqj3gi",
    "fields": {
        "session_data": ".eJxVjEsOAiEQBe_C2pBpaQRcuvcMpKEbGTWQzGdlvLtOMgvdvqp6LxVpXWpcZ5niyOqsgjr8bonyQ9oG-E7t1nXubZnGpDdF73TW187yvOzu30GluX5raxxzNgn4WLyBwhCYJBRrPSKKQeeLzWAICXPgASGdBmEXBhAGQvX-APGqOAU:1tpW9c:dFHyvHDcEDX9lOc84mS8DPpCK3qGT1NCi68zWpW3YuU",
        "expire_date": "2025-03-18T18:34:04.896"
    }
},
{
    "model": "sessions.session",
    "pk": "pdrdswxp4w2ftv8id8p1v1js7n3d50k9",
    "fields": {
        "session_data": "eyJmZWNoYV9pbmljaW8iOiIwMi8wMi8yMDI1IDE2OjUyIn0:1tecGp:WdSg3pZZfhw6SyaE8xExJdoD3wXjX80KVK1nHMvFQx4",
        "expire_date": "2025-02-16T16:52:27.939"
    }
},
{
    "model": "sessions.session",
    "pk": "sophv93iltwil2hc468eyrynn6z38v0z",
    "fields": {
        "session_data": "eyJmZWNoYV9pbmljaW8iOiIyOS8wMS8yMDI1IDE5OjM4In0:1tdCxd:INd9rOgbBDdxoZur5QQO6w1pWKnxG7nqkJSoNKiKO3A",
        "expire_date": "2025-02-12T19:38:49.836"
    }
},
{
    "model": "sessions.session",
    "pk": "spcpy4vns0fpw53s36lfiaupqk4l031d",
    "fields": {
        "session_data": ".eJxVjEsOAiEQBe_C2pBpaQRcuvcMpKEbGTWQzGdlvLtOMgvdvqp6LxVpXWpcZ5niyOqsgjr8bonyQ9oG-E7t1nXubZnGpDdF73TW187yvOzu30GluX5raxxzNgn4WLyBwhCYJBRrPSKKQeeLzWAICXPgASGdBmEXBhAGQvX-APGqOAU:1tpSIm:Qvjh9tJ8YYvR5f3BuvmRfsFeIytdnfTx_ePcBpT-cPA",
        "expire_date": "2025-03-18T14:27:16.283"
    }
},
{
    "model": "sessions.session",
    "pk": "tvq8kf9ndwjrpw5mvdat6nobk5ag3h2t",
    "fields": {
        "session_data": "eyJmZWNoYV9pbmljaW8iOiIwMS8wMi8yMDI1IDIwOjUxIn0:1teJWi:3xmI59987H4Z7zWLAcBbNx6e8Hhm4ky32zdJid0GcdA",
        "expire_date": "2025-02-15T20:51:36.307"
    }
},
{
    "model": "sessions.session",
    "pk": "u3z7t02mkxvgx84e0g2299pitf5xsnn1",
    "fields": {
        "session_data": ".eJxVjEsOAiEQBe_C2pBpaQRcuvcMpKEbGTWQzGdlvLtOMgvdvqp6LxVpXWpcZ5niyOqsgjr8bonyQ9oG-E7t1nXubZnGpDdF73TW187yvOzu30GluX5raxxzNgn4WLyBwhCYJBRrPSKKQeeLzWAICXPgASGdBmEXBhAGQvX-APGqOAU:1tpRG7:9hjXsOcEkJhAeXwzPnG-erADmq6drGccRdQJcF9RwgM",
        "expire_date": "2025-03-18T13:20:27.638"
    }
},
{
    "model": "sessions.session",
    "pk": "ubb86vh5acwh3x48c29tu3igdrs2os3n",
    "fields": {
        "session_data": ".eJxVjEsOAiEQBe_C2pBpaQRcuvcMpKEbGTWQzGdlvLtOMgvdvqp6LxVpXWpcZ5niyOqsgjr8bonyQ9oG-E7t1nXubZnGpDdF73TW187yvOzu30GluX5raxxzNgn4WLyBwhCYJBRrPSKKQeeLzWAICXPgASGdBmEXBhAGQvX-APGqOAU:1tpRC4:MiH3Rlnk9ezd0yjMHvvWrEaNyTMpt6dJTb54ZEVrjY0",
        "expire_date": "2025-03-18T13:16:16.362"
    }
},
{
    "model": "sessions.session",
    "pk": "v0o8c1hnki4s57moqnvldw2b0zybr3kp",
    "fields": {
        "session_data": ".eJxVjEsOAiEQBe_C2pBpaQRcuvcMpKEbGTWQzGdlvLtOMgvdvqp6LxVpXWpcZ5niyOqsgjr8bonyQ9oG-E7t1nXubZnGpDdF73TW187yvOzu30GluX5raxxzNgn4WLyBwhCYJBRrPSKKQeeLzWAICXPgASGdBmEXBhAGQvX-APGqOAU:1tpXFY:j0JPzizGJmBt8lGKgxMMHoXu0GTjZ_1vsZvXfF8oQII",
        "expire_date": "2025-03-18T19:44:16.554"
    }
},
{
    "model": "sessions.session",
    "pk": "x3ql217l7v0n5x621ijkxct7hzu147e6",
    "fields": {
        "session_data": ".eJxVjEsOAiEQBe_C2pBpaQRcuvcMpKEbGTWQzGdlvLtOMgvdvqp6LxVpXWpcZ5niyOqsgjr8bonyQ9oG-E7t1nXubZnGpDdF73TW187yvOzu30GluX5raxxzNgn4WLyBwhCYJBRrPSKKQeeLzWAICXPgASGdBmEXBhAGQvX-APGqOAU:1tpRNo:rnhAoxQDOhh7JPmu-fyt_DkDgohUcBOd34zy-rPtass",
        "expire_date": "2025-03-18T13:28:24.812"
    }
},
{
    "model": "sessions.session",
    "pk": "xwjh2i6l5p33t4lxoc93zvt8r3wbitsh",
    "fields": {
        "session_data": ".eJxVjEsOAiEQBe_C2pBpaQRcuvcMpKEbGTWQzGdlvLtOMgvdvqp6LxVpXWpcZ5niyOqsgjr8bonyQ9oG-E7t1nXubZnGpDdF73TW187yvOzu30GluX5raxxzNgn4WLyBwhCYJBRrPSKKQeeLzWAICXPgASGdBmEXBhAGQvX-APGqOAU:1tpalb:msEgPJEEhXQPfemnnemVAilHPcAjw_kk6Po6sTYORds",
        "expire_date": "2025-03-18T23:29:35.793"
    }
},
{
    "model": "sessions.session",
    "pk": "yejy06r1qdu3quuybmpz5gava9mixt19",
    "fields": {
        "session_data": ".eJxVjEsOAiEQBe_C2pBpaQRcuvcMpKEbGTWQzGdlvLtOMgvdvqp6LxVpXWpcZ5niyOqsgjr8bonyQ9oG-E7t1nXubZnGpDdF73TW187yvOzu30GluX5raxxzNgn4WLyBwhCYJBRrPSKKQeeLzWAICXPgASGdBmEXBhAGQvX-APGqOAU:1to6pY:A8OPDmRgLvFTXhVFa4di4Zo-oZT1ANXDb1a77J5izVU",
        "expire_date": "2025-03-14T21:19:32.135"
    }
},
{
    "model": "sessions.session",
    "pk": "yrg50w0u1l8e98pkatvzgg8f328nnteg",
    "fields": {
        "session_data": ".eJxVjDsOwyAQBa8SUUeY5RMbl-lzBrSwEEgikPypotw9tuTG7ZuZ92Uphoyu1BJKYyNT0AnopJDmImGUhl2Zw3XJbp3j5Aptij1vHsM71h3QC-uz8dDqMhXPd4UfdOaPRvFzP9zTQcY5b7VRPVFQHkimQUEisITRJmMGrXVUuh-SCaBQow6WhAZ_E5F6KyASoGa_P47QQNQ:1tdxag:DFsGZwXcWG0GKk_xqLeflhBL8BHGtfs08smpK3AGHww",
        "expire_date": "2025-02-14T21:26:14.240"
    }
},
{
    "model": "sessions.session",
    "pk": "zg979n2qhhw1iuj2a6v8y6g9qwu99edf",
    "fields": {
        "session_data": ".eJxVjEsOAiEQBe_C2pBpaQRcuvcMpKEbGTWQzGdlvLtOMgvdvqp6LxVpXWpcZ5niyOqsgjr8bonyQ9oG-E7t1nXubZnGpDdF73TW187yvOzu30GluX5raxxzNgn4WLyBwhCYJBRrPSKKQeeLzWAICXPgASGdBmEXBhAGQvX-APGqOAU:1tpS0y:n00BuyxLF3-mfx4fH65Bgs7aGaTKebh0jvW4G2Z8a5w",
        "expire_date": "2025-03-18T14:08:52.331"
    }
},
{
    "model": "sessions.session",
    "pk": "znvpucozij28wgo5wnih7e9v9v29wa35",
    "fields": {
        "session_data": ".eJxVjEsOAiEQBe_C2pBpaQRcuvcMpKEbGTWQzGdlvLtOMgvdvqp6LxVpXWpcZ5niyOqsgjr8bonyQ9oG-E7t1nXubZnGpDdF73TW187yvOzu30GluX5raxxzNgn4WLyBwhCYJBRrPSKKQeeLzWAICXPgASGdBmEXBhAGQvX-APGqOAU:1tpZu5:h1rRXPddItKVWH21BLBTlHliao2LfVWC-DzjxFj0hbY",
        "expire_date": "2025-03-18T22:34:17.307"
    }
},
{
    "model": "EmpresaVentaPiezasCoche.usuario",
    "pk": 2,
    "fields": {
        "password": "pbkdf2_sha256$870000$QFE86kx4AXQ7M36oY7ZbRy$HiqkEjdqe1sXl+r9CaNf7ediVqeIJG5MrMoU7jTvdD4=",
        "last_login": "2025-01-20T22:18:24.980",
        "is_superuser": false,
        "username": "juan_perez",
        "first_name": "",
        "last_name": "",
        "email": "",
        "is_staff": false,
        "is_active": true,
        "date_joined": "2025-01-20T20:26:05.269",
        "rol": 3,
        "nombre": "juan perez",
        "telefono": "04126020291",
        "correo": "juaorl@gmail.com",
        "groups": [],
        "user_permissions": []
    }
},
{
    "model": "EmpresaVentaPiezasCoche.usuario",
    "pk": 3,
    "fields": {
        "password": "pbkdf2_sha256$870000$4VmHczSqkyO2tzevAqMXJf$yYX6W2uD7ErnSNORg5h/2nwFka4Sm54ZliuJ+LLvc5U=",
        "last_login": "2025-01-20T22:24:19.815",
        "is_superuser": false,
        "username": "fabiola_10",
        "first_name": "",
        "last_name": "",
        "email": "",
        "is_staff": false,
        "is_active": true,
        "date_joined": "2025-01-20T21:10:20.533",
        "rol": 2,
        "nombre": "fabiola varero",
        "telefono": "04126020291",
        "correo": "faby@gmail.com",
        "groups": [],
        "user_permissions": []
    }
},
{
    "model": "EmpresaVentaPiezasCoche.usuario",
    "pk": 4,
    "fields": {
        "password": "Light trip eat whole. Ok rest special glass team let particularly.",
        "last_login": "1985-04-18T11:22:50.102",
        "is_superuser": false,
        "username": "qholland",
        "first_name": "Douglas",
        "last_name": "Carr",
        "email": "anthony18@example.net",
        "is_staff": false,
        "is_active": true,
        "date_joined": "2025-01-20T23:53:05.115",
        "rol": 1,
        "nombre": "View born season free with organization skin.",
        "telefono": "Themselves.",
        "correo": "william12@example.org",
        "groups": [],
        "user_permissions": []
    }
},
{
    "model": "EmpresaVentaPiezasCoche.usuario",
    "pk": 5,
    "fields": {
        "password": "Mouth exist even indeed process sure. Alone improve wrong sound.",
        "last_login": "2024-01-12T03:10:48.197",
        "is_superuser": true,
        "username": "melanie03",
        "first_name": "Tammy",
        "last_name": "Morgan",
        "email": "parkeramanda@example.org",
        "is_staff": false,
        "is_active": true,
        "date_joined": "2025-01-20T23:53:05.115",
        "rol": 1,
        "nombre": "Research career decision foot name else. Old you agent expect.",
        "telefono": "Value system.",
        "correo": "nathan13@example.net",
        "groups": [],
        "user_permissions": []
    }
},
{
    "model": "EmpresaVentaPiezasCoche.usuario",
    "pk": 6,
    "fields": {
        "password": "Exist their inside stock. A child including body participant if. What should language force hospital.",
        "last_login": "1979-04-14T16:13:15.005",
        "is_superuser": false,
        "username": "richard13",
        "first_name": "Joseph",
        "last_name": "Alexander",
        "email": "reynoldstimothy@example.org",
        "is_staff": false,
        "is_active": true,
        "date_joined": "2025-01-20T23:53:05.115",
        "rol": 1,
        "nombre": "Goal require able man. Husband buy tend walk official report situation.",
        "telefono": "Range scene.",
        "correo": "calebmoreno@example.net",
        "groups": [],
        "user_permissions": []
    }
},
{
    "model": "EmpresaVentaPiezasCoche.usuario",
    "pk": 7,
    "fields": {
        "password": "Owner different pay bit write. General art six under key support despite. Part process mission.",
        "last_login": "1976-12-14T22:32:31.443",
        "is_superuser": false,
        "username": "jodycunningham",
        "first_name": "Maurice",
        "last_name": "Nicholson",
        "email": "jacobharris@example.org",
        "is_staff": true,
        "is_active": true,
        "date_joined": "2025-01-20T23:53:05.115",
        "rol": 1,
        "nombre": "Hard note tax head. Modern blood wide inside. Until PM choose five recognize perform.",
        "telefono": "Item newspaper.",
        "correo": "rileynathan@example.net",
        "groups": [],
        "user_permissions": []
    }
},
{
    "model": "EmpresaVentaPiezasCoche.usuario",
    "pk": 8,
    "fields": {
        "password": "123456",
        "last_login": "1974-02-27T17:56:50",
        "is_superuser": false,
        "username": "andrewdiaz",
        "first_name": "Gregory",
        "last_name": "Massey",
        "email": "christophernelson@example.net",
        "is_staff": false,
        "is_active": true,
        "date_joined": "2025-01-20T23:53:05",
        "rol": 1,
        "nombre": "Send would bad address radio leader specific. Position serious husband some situation allow.",
        "telefono": "System medical.",
        "correo": "william89@example.org",
        "groups": [],
        "user_permissions": []
    }
},
{
    "model": "EmpresaVentaPiezasCoche.usuario",
    "pk": 9,
    "fields": {
        "password": "pbkdf2_sha256$870000$8PpGNR2L4cRwyj7PpbI1QY$C05XjrCvpiXtz/j+GSr8GEJLZs3w7mspI85voxjvuk4=",
        "last_login": "2025-03-05T17:47:39.844",
        "is_superuser": true,
        "username": "nelson",
        "first_name": "",
        "last_name": "",
        "email": "",
        "is_staff": true,
        "is_active": true,
        "date_joined": "2025-01-31T21:25:02.732",
        "rol": 1,
        "nombre": "",
        "telefono": null,
        "correo": "",
        "groups": [],
        "user_permissions": []
    }
},
{
    "model": "EmpresaVentaPiezasCoche.usuario",
    "pk": 10,
    "fields": {
        "password": "pbkdf2_sha256$870000$41xY3G3RxvigbShnI39gaH$3sEfqGnb2KoKSedcUx0lxV22+Zv3sQWVQFd0y1rPbq8=",
        "last_login": "2025-02-01T23:09:14.412",
        "is_superuser": false,
        "username": "hector_martinez",
        "first_name": "",
        "last_name": "",
        "email": "",
        "is_staff": false,
        "is_active": true,
        "date_joined": "2025-02-01T23:09:14.168",
        "rol": 1,
        "nombre": "hector",
        "telefono": "04126020291",
        "correo": "hector@gmail.com",
        "groups": [],
        "user_permissions": []
    }
},
{
    "model": "EmpresaVentaPiezasCoche.usuario",
    "pk": 11,
    "fields": {
        "password": "pbkdf2_sha256$870000$7yci6iXJ4omQdmLjHS8PwN$Lyy7h/JZaHAIfSCf6tSMW2X0GaAa0qFI9ZbaHqDFf48=",
        "last_login": "2025-02-01T23:11:49.852",
        "is_superuser": false,
        "username": "nefertiti_10",
        "first_name": "",
        "last_name": "",
        "email": "",
        "is_staff": false,
        "is_active": true,
        "date_joined": "2025-02-01T23:11:49.623",
        "rol": 3,
        "nombre": "nefertiti",
        "telefono": "04126020291",
        "correo": "nefertiti_10@gmail.com",
        "groups": [],
        "user_permissions": []
    }
},
{
    "model": "EmpresaVentaPiezasCoche.usuario",
    "pk": 12,
    "fields": {
        "password": "pbkdf2_sha256$870000$Ywet8MYulQBVEPU5aTQeIa$8/ZoSW/BDcT/DzYNAoWL2NytzsjzUlV2Dc+ZXFeK9yo=",
        "last_login": "2025-02-01T23:18:21.827",
        "is_superuser": false,
        "username": "sasha_11",
        "first_name": "",
        "last_name": "",
        "email": "",
        "is_staff": false,
        "is_active": true,
        "date_joined": "2025-02-01T23:18:21.591",
        "rol": 2,
        "nombre": "sasha",
        "telefono": "04126020291",
        "correo": "sacha@gmail.com",
        "groups": [],
        "user_permissions": []
    }
},
{
    "model": "EmpresaVentaPiezasCoche.usuario",
    "pk": 13,
    "fields": {
        "password": "pbkdf2_sha256$870000$M1OrFqhROrpIRqR1KpzcV4$NHVBCbY+l7GLBSOju4LKywUFwtyuI3zFK2ekZ9tVbOk=",
        "last_login": "2025-02-04T17:40:40.925",
        "is_superuser": false,
        "username": "carolina",
        "first_name": "",
        "last_name": "",
        "email": "",
        "is_staff": false,
        "is_active": true,
        "date_joined": "2025-02-04T17:40:40.694",
        "rol": 3,
        "nombre": "carolina",
        "telefono": "04126020291",
        "correo": "carolina@gmail.com",
        "groups": [],
        "user_permissions": []
    }
},
{
    "model": "EmpresaVentaPiezasCoche.usuario",
    "pk": 16,
    "fields": {
        "password": "Django.123",
        "last_login": null,
        "is_superuser": false,
        "username": "guest",
        "first_name": "",
        "last_name": "",
        "email": "",
        "is_staff": false,
        "is_active": true,
        "date_joined": "2025-02-28T20:52:49",
        "rol": 1,
        "nombre": "prueba",
        "telefono": "513234213",
        "correo": "prueba@mail.com",
        "groups": [],
        "user_permissions": []
    }
},
{
    "model": "EmpresaVentaPiezasCoche.usuario",
    "pk": 23,
    "fields": {
        "password": "pbkdf2_sha256$870000$6dpKbIJq1oeu0UIK8TBjKi$fNyCYcrdsFnmQXTlyZmj8V9W/qviOTZM9eUh1Kglg3c=",
        "last_login": null,
        "is_superuser": false,
        "username": "nelson_c",
        "first_name": "",
        "last_name": "galicia",
        "email": "",
        "is_staff": false,
        "is_active": true,
        "date_joined": "2025-03-02T12:30:53.222",
        "rol": 2,
        "nombre": "nelson",
        "telefono": null,
        "correo": "nelson@gmail.com",
        "groups": [],
        "user_permissions": []
    }
},
{
    "model": "EmpresaVentaPiezasCoche.usuario",
    "pk": 24,
    "fields": {
        "password": "pbkdf2_sha256$870000$oMDqzhj58IMTMvID7URR6X$G6HA1pdlZUwiape3Ka5pHydzCjwbEl1ECjjWAMtZ1iM=",
        "last_login": null,
        "is_superuser": false,
        "username": "senior_H",
        "first_name": "",
        "last_name": "martinez",
        "email": "",
        "is_staff": false,
        "is_active": true,
        "date_joined": "2025-03-02T20:03:00.740",
        "rol": 3,
        "nombre": "hector",
        "telefono": null,
        "correo": "h_cornejo_78_hut@gmail.com",
        "groups": [],
        "user_permissions": []
    }
},
{
    "model": "EmpresaVentaPiezasCoche.usuario",
    "pk": 25,
    "fields": {
        "password": "pbkdf2_sha256$870000$6KiTO6meq8O9nvq7ZH177w$q9q8wd2NL2NeMjw+raEEifCqQGRDeDPPQ/nuz6msYqE=",
        "last_login": null,
        "is_superuser": false,
        "username": "mario",
        "first_name": "",
        "last_name": "perez",
        "email": "",
        "is_staff": false,
        "is_active": true,
        "date_joined": "2025-03-03T12:46:37.006",
        "rol": 2,
        "nombre": "mario",
        "telefono": null,
        "correo": "mario@gmail.com",
        "groups": [],
        "user_permissions": []
    }
},
{
    "model": "EmpresaVentaPiezasCoche.usuario",
    "pk": 26,
    "fields": {
        "password": "pbkdf2_sha256$870000$ktNLPh3qgtzMAtzObhJ2Px$cBEs0G/0H/QHHBQ1Cq7uS3glqSWTXpdKT/lT7hTXlIY=",
        "last_login": "2025-03-03T18:20:41.351",
        "is_superuser": false,
        "username": "m_f",
        "first_name": "",
        "last_name": "",
        "email": "",
        "is_staff": false,
        "is_active": true,
        "date_joined": "2025-03-03T18:20:41.110",
        "rol": 3,
        "nombre": "mario",
        "telefono": "0412602044",
        "correo": "jdjdl@gmail.com",
        "groups": [],
        "user_permissions": []
    }
},
{
    "model": "EmpresaVentaPiezasCoche.usuario",
    "pk": 40,
    "fields": {
        "password": "pbkdf2_sha256$870000$OXa58Fc9d26yJpvc1VPsFo$G7Vr+Xe049c8XUgbzPfvXNTZCjtiZZ89liO4KXZ46G0=",
        "last_login": null,
        "is_superuser": false,
        "username": "fabian",
        "first_name": "",
        "last_name": "molina",
        "email": "",
        "is_staff": false,
        "is_active": true,
        "date_joined": "2025-03-04T15:14:19",
        "rol": 2,
        "nombre": "fabian",
        "telefono": "04126020284",
        "correo": "fabian@gmail.com",
        "groups": [
            1
        ],
        "user_permissions": []
    }
},
{
    "model": "EmpresaVentaPiezasCoche.usuario",
    "pk": 41,
    "fields": {
        "password": "pbkdf2_sha256$870000$GjzDEHllXSKWfmalHJURds$VwZdxNLBQSHVlk6MEEaktCPw+pXvEqwj79cdjTQKhaM=",
        "last_login": null,
        "is_superuser": false,
        "username": "sara",
        "first_name": "",
        "last_name": "bond",
        "email": "",
        "is_staff": false,
        "is_active": true,
        "date_joined": "2025-03-04T23:29:24",
        "rol": 3,
        "nombre": "sara",
        "telefono": "0412602047",
        "correo": "sara@gmail.com",
        "groups": [
            2
        ],
        "user_permissions": []
    }
},
{
    "model": "EmpresaVentaPiezasCoche.empleado",
    "pk": 1,
    "fields": {
        "empleadoUsuario": 5,
        "empleado": "Wrong personal again allow end key test she. Audience window chance give.",
        "apellido": "Light much region fall road commercial including. Consider night first follow food international.\nNo him apply someone. Away condition door rather.",
        "cargo": "All focus likely all series. Worker degree leave boy perhaps color.",
        "fecha_contratacion": "2017-06-15"
    }
},
{
    "model": "EmpresaVentaPiezasCoche.empleado",
    "pk": 2,
    "fields": {
        "empleadoUsuario": 7,
        "empleado": "All person side need stuff only.",
        "apellido": "Capital each fill which price mean cell. Just into nature huge various. Wind keep five write of activity.\nMedia something key difficult make discuss option. Dark billion miss program.",
        "cargo": "Often worker television card prepare benefit. Congress only democratic individual.",
        "fecha_contratacion": "2008-03-24"
    }
},
{
    "model": "EmpresaVentaPiezasCoche.empleado",
    "pk": 3,
    "fields": {
        "empleadoUsuario": 6,
        "empleado": "Stand record two fire animal town contain. Region environment nice wait huge point.",
        "apellido": "Can daughter bring well ago institution address. Religious case order effect. Without whatever mother continue.",
        "cargo": "Church could young. Record hope side herself ok race.",
        "fecha_contratacion": "2008-03-03"
    }
},
{
    "model": "EmpresaVentaPiezasCoche.empleado",
    "pk": 4,
    "fields": {
        "empleadoUsuario": 4,
        "empleado": "Effect from office. Including card threat.",
        "apellido": "Then hand particular better measure.\nTen study home we we agency. Sort available just speech change skin.",
        "cargo": "When view it thank. Sure occur others no clearly. Project husband suffer after.",
        "fecha_contratacion": "1999-08-18"
    }
},
{
    "model": "EmpresaVentaPiezasCoche.empleado",
    "pk": 5,
    "fields": {
        "empleadoUsuario": 8,
        "empleado": "Police idea heavy plant source according computer fire. Deep always positive.",
        "apellido": "Discussion positive catch hundred. Seat particular box drug among. Film where build including third.\nCommunity cup fall think shake. Traditional city beautiful home science wind room.",
        "cargo": "Happy son continue short strong power health. Ever voice case morning yourself prepare.",
        "fecha_contratacion": "2001-10-22"
    }
},
{
    "model": "EmpresaVentaPiezasCoche.proveedor",
    "pk": 10,
    "fields": {
        "proveedor": "desguace la marinas",
        "telefono": "60202977",
        "correo": "regadero@gmail.com",
        "direccion": "fuentes des"
    }
},
{
    "model": "EmpresaVentaPiezasCoche.cliente",
    "pk": 2,
    "fields": {
        "clienteUsuario": 6,
        "cliente": "Change ok too western may nature reveal. Put two support magazine hotel four.",
        "apellido": "Real under face it me special.\nElse box light. Machine baby room such century responsibility time.",
        "correo": "Someone build according will down cup. People outside five town.",
        "tipo_clientes": "E",
        "direccion": "Tv he environment nothing road.\nPositive under follow campaign break interest win. Dark bag finish nothing always eat.",
        "empleado": 5
    }
},
{
    "model": "EmpresaVentaPiezasCoche.cliente",
    "pk": 3,
    "fields": {
        "clienteUsuario": 4,
        "cliente": "Citizen turn speech fund vote million coach simply.",
        "apellido": "Itself heart home. Movie action than mother smile perform send identify. Forget real because.",
        "correo": "Catch art reach question wish majority. Three let adult table.",
        "tipo_clientes": "E",
        "direccion": "Best thousand arrive control significant door race myself. Wish other perhaps.\nMilitary institution quality system soldier house nor stuff. Evidence there form sing. Former Mr past actually.",
        "empleado": 1
    }
},
{
    "model": "EmpresaVentaPiezasCoche.cliente",
    "pk": 4,
    "fields": {
        "clienteUsuario": 5,
        "cliente": "Year others let place detail around. Believe campaign major officer around trip.",
        "apellido": "Explain visit southern environment responsibility both. New place receive laugh.",
        "correo": "Leg available challenge candidate but whom number.\nAction peace four face.",
        "tipo_clientes": "E",
        "direccion": "Low time student step enough. Do again their design which which top million. Up either blue anything marriage.\nReceive suggest level. Environment run especially ability act however military.",
        "empleado": 1
    }
},
{
    "model": "EmpresaVentaPiezasCoche.cliente",
    "pk": 5,
    "fields": {
        "clienteUsuario": 8,
        "cliente": "Car about popular against. Despite marriage dark person.",
        "apellido": "Police remember level argue modern.",
        "correo": "Finish plant those. One term career.",
        "tipo_clientes": "P",
        "direccion": "Away hard community clear. Mention benefit method those television trouble TV. Mother nothing head page.\nCommon fast order international point help. It skin onto arm media tough but.",
        "empleado": 2
    }
},
{
    "model": "EmpresaVentaPiezasCoche.metodopago",
    "pk": 1,
    "fields": {
        "metodo_pago": "Sell social cell mouth study direction behavior. Page game let attorney strong side under.",
        "nombre": "Would difficult others. Economic specific special prepare girl film stage.",
        "tipo_pago": "Why improve imagine if travel others side player. Wrong sister now term actually pick middle.",
        "fecha_creacion": "2025-01-20T23:53:05.115",
        "fecha_ultima_actualizacion": "1988-11-05T15:19:02.538",
        "pagado": "Guy worry benefit military. Out fall every listen effort girl. Son yes change former education."
    }
},
{
    "model": "EmpresaVentaPiezasCoche.metodopago",
    "pk": 2,
    "fields": {
        "metodo_pago": "Say actually perhaps these get everybody. Senior professional century affect beyond wind that.",
        "nombre": "Vote task good. If research check bag cultural chance.",
        "tipo_pago": "Field consumer debate indicate. Bed side call three. Kid boy little idea attention operation.",
        "fecha_creacion": "2025-01-20T23:53:05.115",
        "fecha_ultima_actualizacion": "1994-05-28T08:53:10.851",
        "pagado": "Scene meet computer red civil work buy. Budget late he wish."
    }
},
{
    "model": "EmpresaVentaPiezasCoche.metodopago",
    "pk": 3,
    "fields": {
        "metodo_pago": "Feel force summer address. Result understand group admit word child evidence.",
        "nombre": "Food want goal case fear treatment fear. Fine as soon sort order itself. Court also cost matter.",
        "tipo_pago": "Better real lay then ten. Weight student result hundred. Produce name region modern financial.",
        "fecha_creacion": "2025-01-20T23:53:05.115",
        "fecha_ultima_actualizacion": "2021-10-12T15:32:53.032",
        "pagado": "Gas fill local have hit well time. Admit hot fact religious each gas. Bank story city bill."
    }
},
{
    "model": "EmpresaVentaPiezasCoche.metodopago",
    "pk": 4,
    "fields": {
        "metodo_pago": "Pretty recent hot college not. Finish score generation purpose into move need.",
        "nombre": "Top bring important bit loss. Well listen decision effort act for own.",
        "tipo_pago": "Health bank reach media hear. Have ten small government whatever.",
        "fecha_creacion": "2025-01-20T23:53:05.115",
        "fecha_ultima_actualizacion": "1976-12-07T13:40:11.352",
        "pagado": "Her good painting certain place face energy."
    }
},
{
    "model": "EmpresaVentaPiezasCoche.metodopago",
    "pk": 5,
    "fields": {
        "metodo_pago": "You these cut action resource responsibility student. Can majority decide amount court.",
        "nombre": "Beautiful account think spring above. Teach subject store certainly.",
        "tipo_pago": "Not everyone close song no win. Hot pass system significant.",
        "fecha_creacion": "2025-01-20T23:53:05.115",
        "fecha_ultima_actualizacion": "1982-04-12T18:09:14.934",
        "pagado": "Visit old the his sport wall letter low. Allow dream threat watch everything it."
    }
},
{
    "model": "EmpresaVentaPiezasCoche.metodopago",
    "pk": 6,
    "fields": {
        "metodo_pago": "tarjeta",
        "nombre": "tarjeta",
        "tipo_pago": "en especia",
        "fecha_creacion": "2025-02-20T20:22:09",
        "fecha_ultima_actualizacion": "2025-02-20T20:22:40.479",
        "pagado": "pendiente"
    }
},
{
    "model": "EmpresaVentaPiezasCoche.pedido",
    "pk": 11,
    "fields": {
        "pedido": "motors",
        "fecha_pedido": "2025-03-05",
        "total_importe": 5555,
        "estado": "P",
        "metodo_pago": 2,
        "cliente": 4,
        "usuario_Pedido": 25
    }
},
{
    "model": "EmpresaVentaPiezasCoche.pedido",
    "pk": 12,
    "fields": {
        "pedido": "airbag",
        "fecha_pedido": "2025-03-05",
        "total_importe": 33333,
        "estado": "P",
        "metodo_pago": 2,
        "cliente": 3,
        "usuario_Pedido": 9
    }
},
{
    "model": "EmpresaVentaPiezasCoche.piezamotor",
    "pk": 2,
    "fields": {
        "pieza": "Draw week as attorney. Woman opportunity why current. Lay office of.",
        "precio": "0.20",
        "descripcion": "Ask rate change lead lawyer young several. Until important view around address able answer information.",
        "stock_disponible": 20591,
        "proveedor": []
    }
},
{
    "model": "EmpresaVentaPiezasCoche.piezamotor",
    "pk": 3,
    "fields": {
        "pieza": "Any save ground. Outside surface smile control miss quite husband.",
        "precio": "0.55",
        "descripcion": "Rate case maintain whatever thank whatever former. Court board expect certainly less space TV.\nWhom begin few guess. Fine choose measure early remain himself call.",
        "stock_disponible": 1673,
        "proveedor": []
    }
},
{
    "model": "EmpresaVentaPiezasCoche.piezamotor",
    "pk": 4,
    "fields": {
        "pieza": "Month foreign change. Determine else poor friend. Remain building front scientist short ten fact.",
        "precio": "0.22",
        "descripcion": "Contain operation fire manage sort most. Line material leg bill third under interview. Enough ground bar road hit he protect.",
        "stock_disponible": -31950,
        "proveedor": []
    }
},
{
    "model": "EmpresaVentaPiezasCoche.piezamotor",
    "pk": 5,
    "fields": {
        "pieza": "Cut stay cup exist start.",
        "precio": "0.41",
        "descripcion": "Style according part result lot cup. Close us poor. Meet second dog kitchen who piece never.",
        "stock_disponible": 17255,
        "proveedor": []
    }
},
{
    "model": "EmpresaVentaPiezasCoche.piezamotor",
    "pk": 6,
    "fields": {
        "pieza": "caja de cambio",
        "precio": "1.50",
        "descripcion": "es una parte del motor",
        "stock_disponible": 1,
        "proveedor": []
    }
},
{
    "model": "oauth2_provider.application",
    "pk": 2,
    "fields": {
        "client_id": "plNhh6Q4WsRzCwGFJyxg8WXuqQjlQ89FNBIJxP2f",
        "user": 1,
        "redirect_uris": "",
        "post_logout_redirect_uris": "",
        "client_type": "confidential",
        "authorization_grant_type": "password",
        "client_secret": "pbkdf2_sha256$870000$5kHLlBKQd3MDy06OgOlkR5$3pTmfNAxuHiqCqsjUE8J5NI1c1dDJCwHCcg2rjthI0s=",
        "hash_client_secret": true,
        "name": "EmpresaVentaPiezasCoche",
        "skip_authorization": false,
        "created": "2025-01-30T20:45:43.978",
        "updated": "2025-01-30T20:45:43.978",
        "algorithm": "",
        "allowed_origins": ""
    }
},
{
    "model": "oauth2_provider.application",
    "pk": 3,
    "fields": {
        "client_id": "EmpresaVentaPiezasCoche",
        "user": 9,
        "redirect_uris": "",
        "post_logout_redirect_uris": "",
        "client_type": "confidential",
        "authorization_grant_type": "password",
        "client_secret": "pbkdf2_sha256$870000$CVqqrbVsSTMwF1x1YETqnT$JFTN163Rh2+XdsiWFDRMqccLnHO1sv9+boSx7czOgjM=",
        "hash_client_secret": true,
        "name": "EmpresaVentaPiezasCoche",
        "skip_authorization": false,
        "created": "2025-01-31T21:27:50.987",
        "updated": "2025-02-02T16:28:19.547",
        "algorithm": "",
        "allowed_origins": ""
    }
},
{
    "model": "oauth2_provider.accesstoken",
    "pk": 1,
    "fields": {
        "user": 9,
        "source_refresh_token": null,
        "token": "EDGZugJsTedxaHPwedsaaNpyizWFNn",
        "token_checksum": "8aa4d247facf39966b2fd58b57209cabcb1c679e12485985604bf712bfd0d2b5",
        "id_token": null,
        "application": 3,
        "expires": "2025-02-01T07:28:32.426",
        "scope": "read write groups",
        "created": "2025-01-31T21:28:32.427",
        "updated": "2025-01-31T21:28:32.427"
    }
},
{
    "model": "oauth2_provider.accesstoken",
    "pk": 2,
    "fields": {
        "user": 9,
        "source_refresh_token": null,
        "token": "GjhyLVBACKhAxmh2pmcjQDASr4ZYa8",
        "token_checksum": "4d0f979b510db93287be2656d649d879199d6a9f33e7c18f04acf49e1aded390",
        "id_token": null,
        "application": 3,
        "expires": "2025-02-01T22:58:35.933",
        "scope": "read write groups",
        "created": "2025-02-01T12:58:35.934",
        "updated": "2025-02-01T12:58:35.934"
    }
},
{
    "model": "oauth2_provider.accesstoken",
    "pk": 3,
    "fields": {
        "user": 9,
        "source_refresh_token": null,
        "token": "y2TP6JNPUP9Kuf0fUyjo3tQqrfsES8",
        "token_checksum": "f5faa7d9e813509262c9653355657da8588584dbd0ca3f89e3b9f4e9c0b2d3cb",
        "id_token": null,
        "application": 3,
        "expires": "2025-02-02T08:58:55.223",
        "scope": "read write groups",
        "created": "2025-02-01T22:58:55.225",
        "updated": "2025-02-01T22:58:55.225"
    }
},
{
    "model": "oauth2_provider.accesstoken",
    "pk": 4,
    "fields": {
        "user": 10,
        "source_refresh_token": null,
        "token": "q1VASZkbLjJ6eHlYRkGj3RV4w9JWqK",
        "token_checksum": "3a1f98bdbca4f907f9d7199e6485cf04479357ba73429597cc15debb5ceb47a4",
        "id_token": null,
        "application": 3,
        "expires": "2025-02-02T09:10:01.327",
        "scope": "read write groups",
        "created": "2025-02-01T23:10:01.327",
        "updated": "2025-02-01T23:10:01.327"
    }
},
{
    "model": "oauth2_provider.accesstoken",
    "pk": 5,
    "fields": {
        "user": 11,
        "source_refresh_token": null,
        "token": "bP7kv3g7sn2bu5WdvyKoRoICd4mEmV",
        "token_checksum": "3422ceb12551a4828169cedc38f09affd057f4e932998058b439696b786a38c2",
        "id_token": null,
        "application": 3,
        "expires": "2025-02-02T09:12:46.649",
        "scope": "read write groups",
        "created": "2025-02-01T23:12:46.649",
        "updated": "2025-02-01T23:12:46.649"
    }
},
{
    "model": "oauth2_provider.accesstoken",
    "pk": 6,
    "fields": {
        "user": 12,
        "source_refresh_token": null,
        "token": "LfxDGPTvrkuIIQqC3tEsnt7lBSpq81",
        "token_checksum": "6ad117e21f17dab9bb0bf8254b0ae56108db3e52d6fc28edb71a5628ae325cfd",
        "id_token": null,
        "application": 3,
        "expires": "2025-02-02T09:18:38.058",
        "scope": "read write groups",
        "created": "2025-02-01T23:18:38.059",
        "updated": "2025-02-01T23:18:38.059"
    }
},
{
    "model": "oauth2_provider.accesstoken",
    "pk": 7,
    "fields": {
        "user": 9,
        "source_refresh_token": null,
        "token": "rLQVyR2o9wjs1DO7f0jDcn3j9xWOHG",
        "token_checksum": "0c42fbf138c70202a2f29703588e29f0837207a41c26c644187027d7b2e19d6c",
        "id_token": null,
        "application": 3,
        "expires": "2025-02-03T02:29:16.972",
        "scope": "read write groups",
        "created": "2025-02-02T16:29:16.973",
        "updated": "2025-02-02T16:29:16.973"
    }
},
{
    "model": "oauth2_provider.accesstoken",
    "pk": 8,
    "fields": {
        "user": 12,
        "source_refresh_token": null,
        "token": "IL1pnM2Cjc5eJgaLx82b5i7vVrQQFf",
        "token_checksum": "554ce33bccae39a92b1cce78f7a323c3203275343ab727ddf699fd91430e38f0",
        "id_token": null,
        "application": 3,
        "expires": "2025-02-03T02:33:28.027",
        "scope": "read write groups",
        "created": "2025-02-02T16:33:28.027",
        "updated": "2025-02-02T16:33:28.027"
    }
},
{
    "model": "oauth2_provider.accesstoken",
    "pk": 9,
    "fields": {
        "user": 11,
        "source_refresh_token": null,
        "token": "VBOKW0FetFGjE8yYq2J2HHr53qgrZd",
        "token_checksum": "6c818cc1445e2be86366d0adee9f4936dd6408031bce9a62827d982095192807",
        "id_token": null,
        "application": 3,
        "expires": "2025-02-03T02:35:00.844",
        "scope": "read write groups",
        "created": "2025-02-02T16:35:00.845",
        "updated": "2025-02-02T16:35:00.845"
    }
},
{
    "model": "oauth2_provider.accesstoken",
    "pk": 10,
    "fields": {
        "user": 9,
        "source_refresh_token": null,
        "token": "YrwpuedDmKomqA3EBcuu4rwJEvxxe7",
        "token_checksum": "5098eef1fcde9990d2ffeeeae6e2eb08596787d9399bf45fb79681d15aada677",
        "id_token": null,
        "application": 3,
        "expires": "2025-02-07T06:57:59.060",
        "scope": "read write groups",
        "created": "2025-02-06T20:57:59.061",
        "updated": "2025-02-06T20:57:59.061"
    }
},
{
    "model": "oauth2_provider.accesstoken",
    "pk": 11,
    "fields": {
        "user": 9,
        "source_refresh_token": null,
        "token": "8qmTvt9IQ3h3tuDjPBjQbyMNEfRvk7",
        "token_checksum": "4d7bbf1f175fc862ba338318bc5c3ca24edb1bd837513d9cf810a2bed6a2fe3c",
        "id_token": null,
        "application": 3,
        "expires": "2183-07-19T06:03:56.937",
        "scope": "read write groups",
        "created": "2025-02-06T21:10:36.938",
        "updated": "2025-02-06T21:10:36.938"
    }
},
{
    "model": "oauth2_provider.accesstoken",
    "pk": 14,
    "fields": {
        "user": 23,
        "source_refresh_token": null,
        "token": "TgKEsQJ3195cKS7LT6EWDkj5h2e9h0",
        "token_checksum": "f62b1edae9cf4acb1be889af7e7f82b213efbbff9818efc58a230ebd27e5e2a3",
        "id_token": null,
        "application": 3,
        "expires": "2183-08-11T21:24:29.901",
        "scope": "read write groups",
        "created": "2025-03-02T12:31:09.902",
        "updated": "2025-03-02T12:31:09.902"
    }
},
{
    "model": "oauth2_provider.accesstoken",
    "pk": 15,
    "fields": {
        "user": 23,
        "source_refresh_token": null,
        "token": "5Ed4OqbeSVY36Agu2guDw1nMy40Med",
        "token_checksum": "0a2e185f9c947b3d154fa88fc383fb0118d84dc7e62467bab854d8903e02de25",
        "id_token": null,
        "application": 3,
        "expires": "2183-08-11T22:08:17.416",
        "scope": "read write groups",
        "created": "2025-03-02T13:14:57.416",
        "updated": "2025-03-02T13:14:57.416"
    }
},
{
    "model": "oauth2_provider.accesstoken",
    "pk": 16,
    "fields": {
        "user": 23,
        "source_refresh_token": null,
        "token": "zPYUXJjI81r7C0AEAErFp65tGdZMnL",
        "token_checksum": "c5550b9aa8fecc5f330b471d9eb735c5609faabb9f53773405ba82ab34c43bc2",
        "id_token": null,
        "application": 3,
        "expires": "2183-08-11T22:11:26.680",
        "scope": "read write groups",
        "created": "2025-03-02T13:18:06.680",
        "updated": "2025-03-02T13:18:06.680"
    }
},
{
    "model": "oauth2_provider.accesstoken",
    "pk": 17,
    "fields": {
        "user": 23,
        "source_refresh_token": null,
        "token": "kfcAMEVbZzy0eWjgN80yPRq5aIiLe0",
        "token_checksum": "5da01c3a7efdebc0f84bafdcb64fb2fd4540653e58fa2f11a9fa363ee11e789b",
        "id_token": null,
        "application": 3,
        "expires": "2183-08-11T22:17:07.314",
        "scope": "read write groups",
        "created": "2025-03-02T13:23:47.315",
        "updated": "2025-03-02T13:23:47.315"
    }
},
{
    "model": "oauth2_provider.accesstoken",
    "pk": 18,
    "fields": {
        "user": 23,
        "source_refresh_token": null,
        "token": "XgFinSOS8vz5VTItAEc0O3lROrWYuW",
        "token_checksum": "809c144fa15f182fa342864f89ea0cd2ee12a5571a3d54956be3a39d46940c44",
        "id_token": null,
        "application": 3,
        "expires": "2183-08-11T22:24:45.112",
        "scope": "read write groups",
        "created": "2025-03-02T13:31:25.112",
        "updated": "2025-03-02T13:31:25.112"
    }
},
{
    "model": "oauth2_provider.accesstoken",
    "pk": 19,
    "fields": {
        "user": 23,
        "source_refresh_token": null,
        "token": "LJcavzjBR3M4G1pURpxpEQMcwbNNWF",
        "token_checksum": "51214107e0b495836fa1b618588b737ec643d5bde857f680393c6c21f8a3d5ea",
        "id_token": null,
        "application": 3,
        "expires": "2183-08-11T22:29:04.984",
        "scope": "read write groups",
        "created": "2025-03-02T13:35:44.985",
        "updated": "2025-03-02T13:35:44.985"
    }
},
{
    "model": "oauth2_provider.accesstoken",
    "pk": 20,
    "fields": {
        "user": 23,
        "source_refresh_token": null,
        "token": "cSvjv8gMuQqHzb17qLi9g7Lh7HFr8q",
        "token_checksum": "e34661d1b48259c67391d6e3209df863621df19bd9cc7d83c673d34c363b74be",
        "id_token": null,
        "application": 3,
        "expires": "2183-08-11T22:39:20.586",
        "scope": "read write groups",
        "created": "2025-03-02T13:46:00.586",
        "updated": "2025-03-02T13:46:00.586"
    }
},
{
    "model": "oauth2_provider.accesstoken",
    "pk": 21,
    "fields": {
        "user": 23,
        "source_refresh_token": null,
        "token": "ZKsH87W9SfN0Hyo0vLtrCmbngg2Uoz",
        "token_checksum": "8a20209cac28bc228085f36887d3890d85f871b46c9b5a9f54ac57b08f9d002e",
        "id_token": null,
        "application": 3,
        "expires": "2183-08-11T22:40:41.183",
        "scope": "read write groups",
        "created": "2025-03-02T13:47:21.183",
        "updated": "2025-03-02T13:47:21.183"
    }
},
{
    "model": "oauth2_provider.accesstoken",
    "pk": 22,
    "fields": {
        "user": 23,
        "source_refresh_token": null,
        "token": "nZHlNZLbB6QxndloLB7uV9amX4Wput",
        "token_checksum": "afc3db4e5277fc97b2266ab66a1c81d92cbfdc8bfd387d05dda010c1a88fea11",
        "id_token": null,
        "application": 3,
        "expires": "2183-08-11T22:59:21.079",
        "scope": "read write groups",
        "created": "2025-03-02T14:06:01.080",
        "updated": "2025-03-02T14:06:01.080"
    }
},
{
    "model": "oauth2_provider.accesstoken",
    "pk": 23,
    "fields": {
        "user": 23,
        "source_refresh_token": null,
        "token": "iYlyqDo7MK80du7PhGWnlwvs9k5uy4",
        "token_checksum": "d21b07a19c3f280e6af50f025cb0f46dfdc83551bb920f2c03a44329d976769b",
        "id_token": null,
        "application": 3,
        "expires": "2183-08-11T22:59:42.845",
        "scope": "read write groups",
        "created": "2025-03-02T14:06:22.846",
        "updated": "2025-03-02T14:06:22.846"
    }
},
{
    "model": "oauth2_provider.accesstoken",
    "pk": 24,
    "fields": {
        "user": 23,
        "source_refresh_token": null,
        "token": "CWnFtF6o4MJLtw0FRekKzCqDmIWBcm",
        "token_checksum": "31f24777519d9da587d6bbd50cb902a9336d8f2039068b65d1ff3609fec190b2",
        "id_token": null,
        "application": 3,
        "expires": "2183-08-11T23:14:01.236",
        "scope": "read write groups",
        "created": "2025-03-02T14:20:41.236",
        "updated": "2025-03-02T14:20:41.236"
    }
},
{
    "model": "oauth2_provider.accesstoken",
    "pk": 25,
    "fields": {
        "user": 23,
        "source_refresh_token": null,
        "token": "YMOGWTvwga0d5HiSofUVnX9TPk6PR1",
        "token_checksum": "29b00758b23d55e2c4040060c3dd627ed61e21a0b18680017f60bea06e42263c",
        "id_token": null,
        "application": 3,
        "expires": "2183-08-11T23:15:14.104",
        "scope": "read write groups",
        "created": "2025-03-02T14:21:54.105",
        "updated": "2025-03-02T14:21:54.105"
    }
},
{
    "model": "oauth2_provider.accesstoken",
    "pk": 26,
    "fields": {
        "user": 23,
        "source_refresh_token": null,
        "token": "Sa4urP6dC31Y04coEaTP54J7NRGCXW",
        "token_checksum": "28dcde69a4c624964f2010fbbfb9c4a0bec5dfcaac6ea46a249800e588d2c564",
        "id_token": null,
        "application": 3,
        "expires": "2183-08-11T23:15:32.311",
        "scope": "read write groups",
        "created": "2025-03-02T14:22:12.311",
        "updated": "2025-03-02T14:22:12.311"
    }
},
{
    "model": "oauth2_provider.accesstoken",
    "pk": 27,
    "fields": {
        "user": 23,
        "source_refresh_token": null,
        "token": "w1LhkvaLqfqHn6Iwty0MGNkAGSka64",
        "token_checksum": "5aa0fafe044ecb685b15b2e628c11a0f1070581060bdbf25c784e08c6df01c5a",
        "id_token": null,
        "application": 3,
        "expires": "2183-08-11T23:17:29.722",
        "scope": "read write groups",
        "created": "2025-03-02T14:24:09.723",
        "updated": "2025-03-02T14:24:09.723"
    }
},
{
    "model": "oauth2_provider.accesstoken",
    "pk": 28,
    "fields": {
        "user": 23,
        "source_refresh_token": null,
        "token": "O6edT4thqemvhmDl2C0DYT5UjrzLf9",
        "token_checksum": "2216f6699fd6e000142706993edbbb83eb34b3ba53025567d85dec3fe1c852eb",
        "id_token": null,
        "application": 3,
        "expires": "2183-08-11T23:18:12.111",
        "scope": "read write groups",
        "created": "2025-03-02T14:24:52.111",
        "updated": "2025-03-02T14:24:52.111"
    }
},
{
    "model": "oauth2_provider.accesstoken",
    "pk": 29,
    "fields": {
        "user": 23,
        "source_refresh_token": null,
        "token": "lB2rpGevYPnPgW1rOzODQuOAJz2oDc",
        "token_checksum": "50313debeae0f28df07753cbb214d4da151080787afc2797322bc286703fb463",
        "id_token": null,
        "application": 3,
        "expires": "2183-08-11T23:18:29.747",
        "scope": "read write groups",
        "created": "2025-03-02T14:25:09.748",
        "updated": "2025-03-02T14:25:09.748"
    }
},
{
    "model": "oauth2_provider.accesstoken",
    "pk": 30,
    "fields": {
        "user": 23,
        "source_refresh_token": null,
        "token": "iQhwrJNjMCGcuQbDKtUCXPlKOqFYfD",
        "token_checksum": "961a5e0bfeeeb63fc8700c0d971745ed2fa92bdc644f72c57925db1e8eb7dab4",
        "id_token": null,
        "application": 3,
        "expires": "2183-08-11T23:21:33.183",
        "scope": "read write groups",
        "created": "2025-03-02T14:28:13.183",
        "updated": "2025-03-02T14:28:13.183"
    }
},
{
    "model": "oauth2_provider.accesstoken",
    "pk": 31,
    "fields": {
        "user": 23,
        "source_refresh_token": null,
        "token": "SQPMG65bSmUuBm24YoLSt9SuSzqEv8",
        "token_checksum": "a527cdd1b3ccc797114880491ee5bf4786c757bbdfe5bc050912e4115de81e4d",
        "id_token": null,
        "application": 3,
        "expires": "2183-08-11T23:21:41.032",
        "scope": "read write groups",
        "created": "2025-03-02T14:28:21.032",
        "updated": "2025-03-02T14:28:21.032"
    }
},
{
    "model": "oauth2_provider.accesstoken",
    "pk": 32,
    "fields": {
        "user": 23,
        "source_refresh_token": null,
        "token": "lHTuXMlSYdQ8HisrJ9JahRfZ1qaMlG",
        "token_checksum": "cccbf0a6017bab1fdb280f0ae10fd61a17a26cea62a45616b08c6aac9a3d4930",
        "id_token": null,
        "application": 3,
        "expires": "2183-08-11T23:30:28.146",
        "scope": "read write groups",
        "created": "2025-03-02T14:37:08.147",
        "updated": "2025-03-02T14:37:08.147"
    }
},
{
    "model": "oauth2_provider.accesstoken",
    "pk": 33,
    "fields": {
        "user": 23,
        "source_refresh_token": null,
        "token": "S5u6nuemllEWTiHjOECr4ds54RWMwF",
        "token_checksum": "2c6cad0c200d2e3d985b16c53ad578076687891ac10064a7413b05e6189700f9",
        "id_token": null,
        "application": 3,
        "expires": "2183-08-11T23:30:53.150",
        "scope": "read write groups",
        "created": "2025-03-02T14:37:33.150",
        "updated": "2025-03-02T14:37:33.150"
    }
},
{
    "model": "oauth2_provider.accesstoken",
    "pk": 34,
    "fields": {
        "user": 23,
        "source_refresh_token": null,
        "token": "vPuJ7xUyMYeyPfPdFcvmTan1dUCTfb",
        "token_checksum": "426a01b4d368516f4e98f2869021a83f8fbc830e19e01f674ab7ff253215446c",
        "id_token": null,
        "application": 3,
        "expires": "2183-08-11T23:31:39.036",
        "scope": "read write groups",
        "created": "2025-03-02T14:38:19.037",
        "updated": "2025-03-02T14:38:19.037"
    }
},
{
    "model": "oauth2_provider.accesstoken",
    "pk": 35,
    "fields": {
        "user": 23,
        "source_refresh_token": null,
        "token": "ga5h1oosP2nTmne8Cxd3JBUzaIjAto",
        "token_checksum": "5a9985dd39fbb93e3859a632b0360291656557dd8fb658057bf92c6360f8d25e",
        "id_token": null,
        "application": 3,
        "expires": "2183-08-11T23:31:57.083",
        "scope": "read write groups",
        "created": "2025-03-02T14:38:37.084",
        "updated": "2025-03-02T14:38:37.084"
    }
},
{
    "model": "oauth2_provider.accesstoken",
    "pk": 36,
    "fields": {
        "user": 23,
        "source_refresh_token": null,
        "token": "9i3GVOSLlAolJai1ZejXRSRfVOfmSn",
        "token_checksum": "af3a47787b72ba8cf565f58bc815b9f52a1357d3cf3ab94efd7a7cd9da5217bf",
        "id_token": null,
        "application": 3,
        "expires": "2183-08-12T04:55:26.336",
        "scope": "read write groups",
        "created": "2025-03-02T20:02:06.337",
        "updated": "2025-03-02T20:02:06.337"
    }
},
{
    "model": "oauth2_provider.accesstoken",
    "pk": 37,
    "fields": {
        "user": 24,
        "source_refresh_token": null,
        "token": "xwyg3XE9NBGkRkCdqfYUwHBY13RrCf",
        "token_checksum": "47ae550384cc3df2826efe74eb524e1cf3e9426e1774f9561e17083a57a9605c",
        "id_token": null,
        "application": 3,
        "expires": "2183-08-12T04:56:21.384",
        "scope": "read write groups",
        "created": "2025-03-02T20:03:01.384",
        "updated": "2025-03-02T20:03:01.384"
    }
},
{
    "model": "oauth2_provider.accesstoken",
    "pk": 38,
    "fields": {
        "user": 23,
        "source_refresh_token": null,
        "token": "1SR0GvMcywNCUwYrYgLhQoNe0xhGSM",
        "token_checksum": "b4cce853593a2d383eb79bdb73161610fcb4216b9868caf3857968fd078e2f7b",
        "id_token": null,
        "application": 3,
        "expires": "2183-08-12T05:07:05.247",
        "scope": "read write groups",
        "created": "2025-03-02T20:13:45.247",
        "updated": "2025-03-02T20:13:45.247"
    }
},
{
    "model": "oauth2_provider.accesstoken",
    "pk": 39,
    "fields": {
        "user": 9,
        "source_refresh_token": null,
        "token": "NzO3x2D9wPLMSrGYYWgOAGkvdxPCjn",
        "token_checksum": "6655ee1eafd77a923911d0dac7ea3f1b2af09d7756a4a403c73491d3aa333579",
        "id_token": null,
        "application": 3,
        "expires": "2183-08-12T05:50:10.684",
        "scope": "read write groups",
        "created": "2025-03-02T20:56:50.684",
        "updated": "2025-03-02T20:56:50.684"
    }
},
{
    "model": "oauth2_provider.accesstoken",
    "pk": 40,
    "fields": {
        "user": 9,
        "source_refresh_token": null,
        "token": "EI6k9oSiZcEnaLhmynHPzb5vwaPs9O",
        "token_checksum": "139b9bbfbf589faffc775fd896cdef2c0bab981a4b377f60139f8b82ec33b137",
        "id_token": null,
        "application": 3,
        "expires": "2183-08-12T05:50:23.384",
        "scope": "read write groups",
        "created": "2025-03-02T20:57:03.384",
        "updated": "2025-03-02T20:57:03.384"
    }
},
{
    "model": "oauth2_provider.accesstoken",
    "pk": 41,
    "fields": {
        "user": 25,
        "source_refresh_token": null,
        "token": "iiYQ3CEu7D3bmJe9K2tbXq8sDsBK5f",
        "token_checksum": "b9a768925b16f30116838529124b5090c48bfafb7ab0cbb5ec050e0dbb9712e9",
        "id_token": null,
        "application": 3,
        "expires": "2183-08-12T21:44:41.422",
        "scope": "read write groups",
        "created": "2025-03-03T12:51:21.423",
        "updated": "2025-03-03T12:51:21.423"
    }
},
{
    "model": "oauth2_provider.accesstoken",
    "pk": 42,
    "fields": {
        "user": 9,
        "source_refresh_token": null,
        "token": "hAfw3JQR7D1BVCc1lW5gxTvV7znMvH",
        "token_checksum": "f56a2f4751559a8083fa17c98bb1a2c38136b030212bf776bf74efde497f8aab",
        "id_token": null,
        "application": 3,
        "expires": "2183-08-12T23:08:34.317",
        "scope": "read write groups",
        "created": "2025-03-03T14:15:14.319",
        "updated": "2025-03-03T14:15:14.319"
    }
},
{
    "model": "oauth2_provider.accesstoken",
    "pk": 43,
    "fields": {
        "user": 9,
        "source_refresh_token": null,
        "token": "aWm9VpRSBMqMS0y9CTvDDyB5jXEpuD",
        "token_checksum": "3bc757213460c759e328e0fc842e836d45014ad73fe1c958f11cf390aba161ca",
        "id_token": null,
        "application": 3,
        "expires": "2183-08-12T23:39:40.856",
        "scope": "read write groups",
        "created": "2025-03-03T14:46:20.856",
        "updated": "2025-03-03T14:46:20.856"
    }
},
{
    "model": "oauth2_provider.accesstoken",
    "pk": 45,
    "fields": {
        "user": 9,
        "source_refresh_token": null,
        "token": "vSZr1EEzW7ofTXe2gZlTcJAH1OXmqh",
        "token_checksum": "5e84b0ee401127f43217862121092dbb2f2814cce3891b752fffcdecb0568347",
        "id_token": null,
        "application": 3,
        "expires": "2183-08-14T03:51:05.729",
        "scope": "read write groups",
        "created": "2025-03-04T18:57:45.729",
        "updated": "2025-03-04T18:57:45.729"
    }
},
{
    "model": "oauth2_provider.accesstoken",
    "pk": 46,
    "fields": {
        "user": 40,
        "source_refresh_token": null,
        "token": "AAIVjAqPBWAXTrK5CMs8XXIAsmC7Ob",
        "token_checksum": "3177d4b1ee4be6040963a00198bacfd6b10d8c9471788af1112611edd2919720",
        "id_token": null,
        "application": 3,
        "expires": "2183-08-14T04:36:55.597",
        "scope": "read write groups",
        "created": "2025-03-04T19:43:35.598",
        "updated": "2025-03-04T19:43:35.598"
    }
},
{
    "model": "oauth2_provider.accesstoken",
    "pk": 47,
    "fields": {
        "user": 40,
        "source_refresh_token": null,
        "token": "3r430B5mNt2HOzdl8stHN9lF2HR7xN",
        "token_checksum": "52489134bcb0319b87ae86c468e6aaac7aa7ba916bc736295e4184a8de032aa0",
        "id_token": null,
        "application": 3,
        "expires": "2183-08-14T04:41:19.822",
        "scope": "read write groups",
        "created": "2025-03-04T19:47:59.825",
        "updated": "2025-03-04T19:47:59.825"
    }
},
{
    "model": "oauth2_provider.accesstoken",
    "pk": 48,
    "fields": {
        "user": 40,
        "source_refresh_token": null,
        "token": "uT9M3MUV7ovIluRsL4yhV8GBucZC4Y",
        "token_checksum": "6203f77b021b4861cfa0c97cb4e90f09880eb4e84c02c17f39302fdfc63dca51",
        "id_token": null,
        "application": 3,
        "expires": "2183-08-14T04:47:53.478",
        "scope": "read write groups",
        "created": "2025-03-04T19:54:33.480",
        "updated": "2025-03-04T19:54:33.480"
    }
},
{
    "model": "oauth2_provider.accesstoken",
    "pk": 49,
    "fields": {
        "user": 40,
        "source_refresh_token": null,
        "token": "XLloc8SEnmHsSN9DN8BUOExx8oxl07",
        "token_checksum": "8ada3e97eda583444d7aea4099c44ea366f02545e944090133b32839a7ecfd29",
        "id_token": null,
        "application": 3,
        "expires": "2183-08-14T04:55:51.648",
        "scope": "read write groups",
        "created": "2025-03-04T20:02:31.649",
        "updated": "2025-03-04T20:02:31.649"
    }
},
{
    "model": "oauth2_provider.accesstoken",
    "pk": 50,
    "fields": {
        "user": 40,
        "source_refresh_token": null,
        "token": "qhf7LuEcYxBF7kLQZVQmSw0NJeuNOA",
        "token_checksum": "246ce63ede9db7a9b30974ba184d69582ca763a4cd76364e344a210be827ff4a",
        "id_token": null,
        "application": 3,
        "expires": "2183-08-14T05:03:51.512",
        "scope": "read write groups",
        "created": "2025-03-04T20:10:31.512",
        "updated": "2025-03-04T20:10:31.512"
    }
},
{
    "model": "oauth2_provider.accesstoken",
    "pk": 51,
    "fields": {
        "user": 40,
        "source_refresh_token": null,
        "token": "LnoF8Ga5LyXjAp3pk5Vkl6okt17qEx",
        "token_checksum": "139b99063ff90255393b694fd17bc6ca7e1e98727dfcb04d0847d10f38c5b5d4",
        "id_token": null,
        "application": 3,
        "expires": "2183-08-14T05:10:56.481",
        "scope": "read write groups",
        "created": "2025-03-04T20:17:36.481",
        "updated": "2025-03-04T20:17:36.481"
    }
},
{
    "model": "oauth2_provider.accesstoken",
    "pk": 52,
    "fields": {
        "user": 40,
        "source_refresh_token": null,
        "token": "yQSVdzM4bYs7aixM6WoAgruloxcFYa",
        "token_checksum": "b8f2c644684f9abff81faf7c43efbecbfe98ca89e7f24bf649b492be7136983d",
        "id_token": null,
        "application": 3,
        "expires": "2183-08-14T05:41:11.687",
        "scope": "read write groups",
        "created": "2025-03-04T20:47:51.689",
        "updated": "2025-03-04T20:47:51.689"
    }
},
{
    "model": "oauth2_provider.accesstoken",
    "pk": 53,
    "fields": {
        "user": 40,
        "source_refresh_token": null,
        "token": "0tMy9keDu6JXdLYedKBhMkhc9Bh7tt",
        "token_checksum": "10f2de58bebf57a9a3d4388bb78db6d4c9a5f8039d9b303a9dd4327753f0d4ba",
        "id_token": null,
        "application": 3,
        "expires": "2183-08-14T05:45:17.515",
        "scope": "read write groups",
        "created": "2025-03-04T20:51:57.517",
        "updated": "2025-03-04T20:51:57.517"
    }
},
{
    "model": "oauth2_provider.accesstoken",
    "pk": 54,
    "fields": {
        "user": 9,
        "source_refresh_token": null,
        "token": "PMe38Qxc9Zc4wibQVBmLERzNs92Dco",
        "token_checksum": "890ada8a5ea011407dac4156c9640588f5d09a17ad5ebb80bdef3aabf0ae4367",
        "id_token": null,
        "application": 3,
        "expires": "2183-08-14T05:54:43.576",
        "scope": "read write groups",
        "created": "2025-03-04T21:01:23.577",
        "updated": "2025-03-04T21:01:23.577"
    }
},
{
    "model": "oauth2_provider.accesstoken",
    "pk": 55,
    "fields": {
        "user": 40,
        "source_refresh_token": null,
        "token": "BoNgwIyL1STu1tvKDicUHNYbEqEb0G",
        "token_checksum": "834e6828e3485a0b413eb1cb4c9675a80db2afc424622d4346db1794a5287af4",
        "id_token": null,
        "application": 3,
        "expires": "2183-08-14T06:10:57.492",
        "scope": "read write groups",
        "created": "2025-03-04T21:17:37.492",
        "updated": "2025-03-04T21:17:37.492"
    }
},
{
    "model": "oauth2_provider.accesstoken",
    "pk": 56,
    "fields": {
        "user": 41,
        "source_refresh_token": null,
        "token": "hjDDhyEw7V1Pxp1M67umFoysvOqlJz",
        "token_checksum": "165159ff04ccb69c7447a83e48972f9c4418f35d9ab478645f01a29be11bd343",
        "id_token": null,
        "application": 3,
        "expires": "2183-08-14T08:22:45.490",
        "scope": "read write groups",
        "created": "2025-03-04T23:29:25.490",
        "updated": "2025-03-04T23:29:25.490"
    }
},
{
    "model": "oauth2_provider.accesstoken",
    "pk": 57,
    "fields": {
        "user": 9,
        "source_refresh_token": null,
        "token": "LZiLiUo1EnvRqBQWiqIL9lQEyETJNI",
        "token_checksum": "13b934e4d2b83ad3bfcd8fdf21c43b180ff5edb23814132d33a81607583194a5",
        "id_token": null,
        "application": 3,
        "expires": "2183-08-14T08:31:27.619",
        "scope": "read write groups",
        "created": "2025-03-04T23:38:07.620",
        "updated": "2025-03-04T23:38:07.620"
    }
},
{
    "model": "oauth2_provider.accesstoken",
    "pk": 58,
    "fields": {
        "user": 40,
        "source_refresh_token": null,
        "token": "JUe62Y21dBNuPzf7zkgfnpTUDG743L",
        "token_checksum": "00a48cae2b85c1660cc2d9373ea37c20033e8aee523cd93019ff396458e603b8",
        "id_token": null,
        "application": 3,
        "expires": "2183-08-14T08:32:31.829",
        "scope": "read write groups",
        "created": "2025-03-04T23:39:11.830",
        "updated": "2025-03-04T23:39:11.830"
    }
},
{
    "model": "oauth2_provider.accesstoken",
    "pk": 59,
    "fields": {
        "user": 40,
        "source_refresh_token": null,
        "token": "ffwxy43uTIZynx8wkvkMfd0rNshYF8",
        "token_checksum": "870970728af66b788e3519553742df2855255896c88b57c7372b5217aa8f9585",
        "id_token": null,
        "application": 3,
        "expires": "2183-08-14T08:33:47.228",
        "scope": "read write groups",
        "created": "2025-03-04T23:40:27.229",
        "updated": "2025-03-04T23:40:27.229"
    }
},
{
    "model": "oauth2_provider.accesstoken",
    "pk": 60,
    "fields": {
        "user": 41,
        "source_refresh_token": null,
        "token": "guWXkEj2XqkhB2uywWKyPnPa39Vvoi",
        "token_checksum": "d38d7adec3fefd4ddb41b6cbac6f60d748ebbe8b33c23a8341ea6ee71c54c13d",
        "id_token": null,
        "application": 3,
        "expires": "2183-08-14T08:36:27.286",
        "scope": "read write groups",
        "created": "2025-03-04T23:43:07.286",
        "updated": "2025-03-04T23:43:07.286"
    }
},
{
    "model": "oauth2_provider.accesstoken",
    "pk": 61,
    "fields": {
        "user": 9,
        "source_refresh_token": null,
        "token": "zmpWmMyI0hrNjs1Lfl4sw2b1a9pwaA",
        "token_checksum": "fa2c9c5ff0a7b07e827a9e2eae276d6ec0b4541f80fc619d0131862aa93dc5db",
        "id_token": null,
        "application": 3,
        "expires": "2183-08-15T01:05:16.839",
        "scope": "read write groups",
        "created": "2025-03-05T16:11:56.841",
        "updated": "2025-03-05T16:11:56.841"
    }
},
{
    "model": "oauth2_provider.accesstoken",
    "pk": 62,
    "fields": {
        "user": 40,
        "source_refresh_token": null,
        "token": "4t8pX9FXB50I9V4nFrihvp7gD3QUT3",
        "token_checksum": "cbd13e695a8641dece504f41efd1c23c202607aad7078c82dbf123798757f78b",
        "id_token": null,
        "application": 3,
        "expires": "2183-08-15T01:19:58.520",
        "scope": "read write groups",
        "created": "2025-03-05T16:26:38.522",
        "updated": "2025-03-05T16:26:38.522"
    }
},
{
    "model": "oauth2_provider.accesstoken",
    "pk": 63,
    "fields": {
        "user": 41,
        "source_refresh_token": null,
        "token": "RC05nJbLAKeOiYJFehGuzyvEZLrPcZ",
        "token_checksum": "3d9002867d15c6bbe53a2b618518e70503d9146e2da73785280c66125e4b46fc",
        "id_token": null,
        "application": 3,
        "expires": "2183-08-15T01:31:42.744",
        "scope": "read write groups",
        "created": "2025-03-05T16:38:22.745",
        "updated": "2025-03-05T16:38:22.745"
    }
},
{
    "model": "oauth2_provider.accesstoken",
    "pk": 64,
    "fields": {
        "user": 41,
        "source_refresh_token": null,
        "token": "sXbmyqRIwhCdn6llLFamV3SAdjGu3h",
        "token_checksum": "2f9ab493cb64931493c6c9045000133714bd39f0054c7841fba769902ac14614",
        "id_token": null,
        "application": 3,
        "expires": "2183-08-15T01:32:02.613",
        "scope": "read write groups",
        "created": "2025-03-05T16:38:42.614",
        "updated": "2025-03-05T16:38:42.614"
    }
},
{
    "model": "oauth2_provider.accesstoken",
    "pk": 65,
    "fields": {
        "user": 41,
        "source_refresh_token": null,
        "token": "oycoLKQhBTLUoyGem6FGyNZjNBszg7",
        "token_checksum": "060922678055ec228d531c2dfa17a207766bce1977715ac77949930facaf56f8",
        "id_token": null,
        "application": 3,
        "expires": "2183-08-15T01:47:41.070",
        "scope": "read write groups",
        "created": "2025-03-05T16:54:21.071",
        "updated": "2025-03-05T16:54:21.071"
    }
},
{
    "model": "oauth2_provider.accesstoken",
    "pk": 66,
    "fields": {
        "user": 41,
        "source_refresh_token": null,
        "token": "zlemvVYhZYKbWzizgtmgkhZYAcFEQZ",
        "token_checksum": "85034866d3583784e6d8e3682796d7698c1c323d0820b0ea15882e59ca9b4d21",
        "id_token": null,
        "application": 3,
        "expires": "2183-08-15T02:06:11.051",
        "scope": "read write groups",
        "created": "2025-03-05T17:12:51.052",
        "updated": "2025-03-05T17:12:51.052"
    }
},
{
    "model": "oauth2_provider.accesstoken",
    "pk": 67,
    "fields": {
        "user": 41,
        "source_refresh_token": null,
        "token": "QJFu9eCkpfquGj4rY3Nnr3GWROsSKu",
        "token_checksum": "6dbb5044dea9c589a558bd5f8516469409aff8be18dbdd2cdbd232bf181b06d4",
        "id_token": null,
        "application": 3,
        "expires": "2183-08-15T02:18:31.902",
        "scope": "read write groups",
        "created": "2025-03-05T17:25:11.903",
        "updated": "2025-03-05T17:25:11.903"
    }
},
{
    "model": "oauth2_provider.accesstoken",
    "pk": 68,
    "fields": {
        "user": 40,
        "source_refresh_token": null,
        "token": "NcNdSKuu3YL1hqfI8Z3DzfGOSml7GN",
        "token_checksum": "7936f9d2ce8821b4f1df767bc9da413941b6d1649e2b3abd676fe92f82aa8c87",
        "id_token": null,
        "application": 3,
        "expires": "2183-08-15T02:29:25.358",
        "scope": "read write groups",
        "created": "2025-03-05T17:36:05.359",
        "updated": "2025-03-05T17:36:05.359"
    }
},
{
    "model": "oauth2_provider.accesstoken",
    "pk": 69,
    "fields": {
        "user": 40,
        "source_refresh_token": null,
        "token": "qUBS968JBGv6BZhqqmqwVG2zl3GgUX",
        "token_checksum": "9e687c1f60e554dbf99f4b9dba5bdb919711bbbaae2b1646db30553d7c463a68",
        "id_token": null,
        "application": 3,
        "expires": "2183-08-15T02:46:58.781",
        "scope": "read write groups",
        "created": "2025-03-05T17:53:38.781",
        "updated": "2025-03-05T17:53:38.781"
    }
},
{
    "model": "oauth2_provider.accesstoken",
    "pk": 70,
    "fields": {
        "user": 41,
        "source_refresh_token": null,
        "token": "UbJvtbmgRSswmfNl7gYjxRstrZpylD",
        "token_checksum": "bc5e75e99869c06ac462c1613acdda774e67b38fc9b149c3161e2bbf4f178b16",
        "id_token": null,
        "application": 3,
        "expires": "2183-08-15T04:21:53.866",
        "scope": "read write groups",
        "created": "2025-03-05T19:28:33.867",
        "updated": "2025-03-05T19:28:33.867"
    }
},
{
    "model": "oauth2_provider.refreshtoken",
    "pk": 1,
    "fields": {
        "user": 9,
        "token": "wWSsokzpPCLRx2sTIXxzp5ogseZYQ6",
        "application": 3,
        "access_token": 1,
        "token_family": "93d5c2c2-f5dc-4037-a161-4a2e60c54dc7",
        "created": "2025-01-31T21:28:32.428",
        "updated": "2025-01-31T21:28:32.428",
        "revoked": null
    }
},
{
    "model": "oauth2_provider.refreshtoken",
    "pk": 2,
    "fields": {
        "user": 9,
        "token": "Caskqwh0DFHGXv8xS2Z2YQrTrZMjqX",
        "application": 3,
        "access_token": 2,
        "token_family": "fd45273e-ab11-498a-bcce-4a9638a9926a",
        "created": "2025-02-01T12:58:35.935",
        "updated": "2025-02-01T12:58:35.935",
        "revoked": null
    }
},
{
    "model": "oauth2_provider.refreshtoken",
    "pk": 3,
    "fields": {
        "user": 9,
        "token": "4uuVOWg1VJgJgwwc6ZrU3P0ih75gb0",
        "application": 3,
        "access_token": 3,
        "token_family": "00579ebb-4473-4992-b642-4c4981afd9cc",
        "created": "2025-02-01T22:58:55.226",
        "updated": "2025-02-01T22:58:55.226",
        "revoked": null
    }
},
{
    "model": "oauth2_provider.refreshtoken",
    "pk": 4,
    "fields": {
        "user": 10,
        "token": "I4hs4gYGsgukMnrM1eXwIkp2WL06Th",
        "application": 3,
        "access_token": 4,
        "token_family": "7b898b03-ba71-4d15-998d-5254c880daef",
        "created": "2025-02-01T23:10:01.328",
        "updated": "2025-02-01T23:10:01.328",
        "revoked": null
    }
},
{
    "model": "oauth2_provider.refreshtoken",
    "pk": 5,
    "fields": {
        "user": 11,
        "token": "rOuM67xtJqpVwZzY9gmAeA1EHGSYSZ",
        "application": 3,
        "access_token": 5,
        "token_family": "e0672897-52c9-4e48-81d6-31e0fce3f01c",
        "created": "2025-02-01T23:12:46.650",
        "updated": "2025-02-01T23:12:46.650",
        "revoked": null
    }
},
{
    "model": "oauth2_provider.refreshtoken",
    "pk": 6,
    "fields": {
        "user": 12,
        "token": "LJcVzASpk1SukBr9AUCfWdHAO1uj5r",
        "application": 3,
        "access_token": 6,
        "token_family": "fdbd8a02-e1b1-4b19-ab5c-bae419e6897d",
        "created": "2025-02-01T23:18:38.059",
        "updated": "2025-02-01T23:18:38.059",
        "revoked": null
    }
},
{
    "model": "oauth2_provider.refreshtoken",
    "pk": 7,
    "fields": {
        "user": 9,
        "token": "I1V7Bpv9GkqU8Tpof1R5UHTLcEIweC",
        "application": 3,
        "access_token": 7,
        "token_family": "3831f34a-c6a0-41fa-a59d-8411fd3cd865",
        "created": "2025-02-02T16:29:16.974",
        "updated": "2025-02-02T16:29:16.974",
        "revoked": null
    }
},
{
    "model": "oauth2_provider.refreshtoken",
    "pk": 8,
    "fields": {
        "user": 12,
        "token": "MwLK7DVmjefZRuYAyDQNRlcetL2jDf",
        "application": 3,
        "access_token": 8,
        "token_family": "d2e0c4f1-3416-4f24-a0ba-66dfbdeabbb4",
        "created": "2025-02-02T16:33:28.028",
        "updated": "2025-02-02T16:33:28.028",
        "revoked": null
    }
},
{
    "model": "oauth2_provider.refreshtoken",
    "pk": 9,
    "fields": {
        "user": 11,
        "token": "igtsC3WR6ObvGM6XT98rkc1tdpnRTU",
        "application": 3,
        "access_token": 9,
        "token_family": "ab8b1c27-0712-4ba8-ab60-afc2db87c20f",
        "created": "2025-02-02T16:35:00.846",
        "updated": "2025-02-02T16:35:00.846",
        "revoked": null
    }
},
{
    "model": "oauth2_provider.refreshtoken",
    "pk": 10,
    "fields": {
        "user": 9,
        "token": "vuwxyd6w9GDwNyGKfprPzxToaNp6jJ",
        "application": 3,
        "access_token": 10,
        "token_family": "c6e744bc-a9ba-48ec-b430-33643678e3e4",
        "created": "2025-02-06T20:57:59.062",
        "updated": "2025-02-06T20:57:59.062",
        "revoked": null
    }
},
{
    "model": "oauth2_provider.refreshtoken",
    "pk": 11,
    "fields": {
        "user": 9,
        "token": "6okhylKahrcXADaLLCXgbxc0nQAyol",
        "application": 3,
        "access_token": 11,
        "token_family": "7bea80da-2620-40a7-ada8-527329992534",
        "created": "2025-02-06T21:10:36.939",
        "updated": "2025-02-06T21:10:36.939",
        "revoked": null
    }
},
{
    "model": "oauth2_provider.refreshtoken",
    "pk": 14,
    "fields": {
        "user": 23,
        "token": "dcsl67EABqpro2w0Acr8CPTjGRPa9Q",
        "application": 3,
        "access_token": 14,
        "token_family": "1cb97595-c297-478a-adc2-7fd7eb67d97b",
        "created": "2025-03-02T12:31:09.903",
        "updated": "2025-03-02T12:31:09.903",
        "revoked": null
    }
},
{
    "model": "oauth2_provider.refreshtoken",
    "pk": 15,
    "fields": {
        "user": 23,
        "token": "FRqbbHyob0ZrByQk46iI8RP2K5fSHi",
        "application": 3,
        "access_token": 15,
        "token_family": "ad3d2f74-24f5-4298-b610-d551da24d522",
        "created": "2025-03-02T13:14:57.418",
        "updated": "2025-03-02T13:14:57.418",
        "revoked": null
    }
},
{
    "model": "oauth2_provider.refreshtoken",
    "pk": 16,
    "fields": {
        "user": 23,
        "token": "KXxBvRR4QFMuLd78xbYjCrjGlGYFpI",
        "application": 3,
        "access_token": 16,
        "token_family": "bd9d6a9d-8324-4858-839f-088e01b58671",
        "created": "2025-03-02T13:18:06.681",
        "updated": "2025-03-02T13:18:06.681",
        "revoked": null
    }
},
{
    "model": "oauth2_provider.refreshtoken",
    "pk": 17,
    "fields": {
        "user": 23,
        "token": "VHCzgRsrPOCPQJ2DWW7Z60VnEuqfbr",
        "application": 3,
        "access_token": 17,
        "token_family": "354f407c-f1dc-4303-b8a8-a08f7b0f868e",
        "created": "2025-03-02T13:23:47.316",
        "updated": "2025-03-02T13:23:47.316",
        "revoked": null
    }
},
{
    "model": "oauth2_provider.refreshtoken",
    "pk": 18,
    "fields": {
        "user": 23,
        "token": "9CqIP5wezs5aNLAI1Je2ThJ56Ykj8m",
        "application": 3,
        "access_token": 18,
        "token_family": "cb434fac-5334-4cda-be4d-427747a9c152",
        "created": "2025-03-02T13:31:25.113",
        "updated": "2025-03-02T13:31:25.113",
        "revoked": null
    }
},
{
    "model": "oauth2_provider.refreshtoken",
    "pk": 19,
    "fields": {
        "user": 23,
        "token": "bUkxqRNRF3JD3eBMcOPpniPsEdfhX2",
        "application": 3,
        "access_token": 19,
        "token_family": "a7423522-cac6-4376-98e6-bd416c05eff8",
        "created": "2025-03-02T13:35:44.987",
        "updated": "2025-03-02T13:35:44.987",
        "revoked": null
    }
},
{
    "model": "oauth2_provider.refreshtoken",
    "pk": 20,
    "fields": {
        "user": 23,
        "token": "JGaAerhge4nlZ5nR3kDRzZ08g0DwU3",
        "application": 3,
        "access_token": 20,
        "token_family": "71c052e8-ce05-4940-aab9-ef7f7750d6d5",
        "created": "2025-03-02T13:46:00.588",
        "updated": "2025-03-02T13:46:00.588",
        "revoked": null
    }
},
{
    "model": "oauth2_provider.refreshtoken",
    "pk": 21,
    "fields": {
        "user": 23,
        "token": "XEx7jOkNJnCel1x4rHig0TWJLY4ara",
        "application": 3,
        "access_token": 21,
        "token_family": "dd0e09e8-b46b-403e-890a-a9a0c20d836b",
        "created": "2025-03-02T13:47:21.184",
        "updated": "2025-03-02T13:47:21.184",
        "revoked": null
    }
},
{
    "model": "oauth2_provider.refreshtoken",
    "pk": 22,
    "fields": {
        "user": 23,
        "token": "Ada7lVzLb4WUh4Pu5j8fMiirJDiPdy",
        "application": 3,
        "access_token": 22,
        "token_family": "f8c72f44-4b90-4b30-a6cc-dd48a954ef14",
        "created": "2025-03-02T14:06:01.081",
        "updated": "2025-03-02T14:06:01.081",
        "revoked": null
    }
},
{
    "model": "oauth2_provider.refreshtoken",
    "pk": 23,
    "fields": {
        "user": 23,
        "token": "MmOf28mDSHmZmJZvD4uwC09JxaF541",
        "application": 3,
        "access_token": 23,
        "token_family": "0a82ebb7-1fe0-4ea7-a570-94c46dea3766",
        "created": "2025-03-02T14:06:22.847",
        "updated": "2025-03-02T14:06:22.847",
        "revoked": null
    }
},
{
    "model": "oauth2_provider.refreshtoken",
    "pk": 24,
    "fields": {
        "user": 23,
        "token": "KRTMgPM4ZDi32YyG5NEuVhI981JwUx",
        "application": 3,
        "access_token": 24,
        "token_family": "90e70cf7-cc0f-481e-b7dc-e40056d22975",
        "created": "2025-03-02T14:20:41.237",
        "updated": "2025-03-02T14:20:41.237",
        "revoked": null
    }
},
{
    "model": "oauth2_provider.refreshtoken",
    "pk": 25,
    "fields": {
        "user": 23,
        "token": "End9bS161xCiSyHJIPP8SlsTZyfwdM",
        "application": 3,
        "access_token": 25,
        "token_family": "50d203e9-64e8-4d7e-852b-d0a4d5443bb6",
        "created": "2025-03-02T14:21:54.106",
        "updated": "2025-03-02T14:21:54.106",
        "revoked": null
    }
},
{
    "model": "oauth2_provider.refreshtoken",
    "pk": 26,
    "fields": {
        "user": 23,
        "token": "iKooTJN2dZ2YjkjD1jmEyNb5m38kfQ",
        "application": 3,
        "access_token": 26,
        "token_family": "332a31d7-bec0-40c6-9af6-c7bdec63f495",
        "created": "2025-03-02T14:22:12.312",
        "updated": "2025-03-02T14:22:12.312",
        "revoked": null
    }
},
{
    "model": "oauth2_provider.refreshtoken",
    "pk": 27,
    "fields": {
        "user": 23,
        "token": "9JD8k60fDwi8DqgWtO8B8UChTKk4Bx",
        "application": 3,
        "access_token": 27,
        "token_family": "82a88f14-490d-42cb-b031-277079f91fe9",
        "created": "2025-03-02T14:24:09.724",
        "updated": "2025-03-02T14:24:09.724",
        "revoked": null
    }
},
{
    "model": "oauth2_provider.refreshtoken",
    "pk": 28,
    "fields": {
        "user": 23,
        "token": "ZQcQ4G7q6vH362ErM4zjU4aVryn4ja",
        "application": 3,
        "access_token": 28,
        "token_family": "0ab64faf-828a-4cf4-a874-354a5d12d4e7",
        "created": "2025-03-02T14:24:52.112",
        "updated": "2025-03-02T14:24:52.112",
        "revoked": null
    }
},
{
    "model": "oauth2_provider.refreshtoken",
    "pk": 29,
    "fields": {
        "user": 23,
        "token": "WeQxE7gKXhbStuo2qyqBcZrdCkoXhm",
        "application": 3,
        "access_token": 29,
        "token_family": "2b04b2b8-5ecc-4df1-ae78-aa4048e2ce2b",
        "created": "2025-03-02T14:25:09.749",
        "updated": "2025-03-02T14:25:09.749",
        "revoked": null
    }
},
{
    "model": "oauth2_provider.refreshtoken",
    "pk": 30,
    "fields": {
        "user": 23,
        "token": "TuUuz8ZuSaln3WM0vhr7sG4SRKbYBM",
        "application": 3,
        "access_token": 30,
        "token_family": "ac0cbb9c-f49a-4846-a8b9-a47aceca3bed",
        "created": "2025-03-02T14:28:13.184",
        "updated": "2025-03-02T14:28:13.184",
        "revoked": null
    }
},
{
    "model": "oauth2_provider.refreshtoken",
    "pk": 31,
    "fields": {
        "user": 23,
        "token": "6SX65mvbzbrCfqMzyxnrHplUQFu0y2",
        "application": 3,
        "access_token": 31,
        "token_family": "5556cdc1-83c5-424c-b6a0-3f0da1122b8e",
        "created": "2025-03-02T14:28:21.033",
        "updated": "2025-03-02T14:28:21.033",
        "revoked": null
    }
},
{
    "model": "oauth2_provider.refreshtoken",
    "pk": 32,
    "fields": {
        "user": 23,
        "token": "tuDYnUDUnceEGpzhZGoI96PnwabbSY",
        "application": 3,
        "access_token": 32,
        "token_family": "7d778f45-bbbb-4986-a91f-c01aa9aae0ee",
        "created": "2025-03-02T14:37:08.148",
        "updated": "2025-03-02T14:37:08.148",
        "revoked": null
    }
},
{
    "model": "oauth2_provider.refreshtoken",
    "pk": 33,
    "fields": {
        "user": 23,
        "token": "OO9TTId1fVRTKGt5AY3VnHpBxshF2M",
        "application": 3,
        "access_token": 33,
        "token_family": "4e62e62d-0d9d-43c4-a27d-31c4022a0d32",
        "created": "2025-03-02T14:37:33.151",
        "updated": "2025-03-02T14:37:33.151",
        "revoked": null
    }
},
{
    "model": "oauth2_provider.refreshtoken",
    "pk": 34,
    "fields": {
        "user": 23,
        "token": "EJ7O2YV2ZmtECyUWuW3QY9hwdumHLc",
        "application": 3,
        "access_token": 34,
        "token_family": "90e4f0a4-023f-411e-bf84-eee375e0d5a9",
        "created": "2025-03-02T14:38:19.038",
        "updated": "2025-03-02T14:38:19.038",
        "revoked": null
    }
},
{
    "model": "oauth2_provider.refreshtoken",
    "pk": 35,
    "fields": {
        "user": 23,
        "token": "aP4MkWuIBsMXQXhuLgnJej9BHiovsd",
        "application": 3,
        "access_token": 35,
        "token_family": "59b16926-36af-4330-85cb-f7a35fda8ae8",
        "created": "2025-03-02T14:38:37.084",
        "updated": "2025-03-02T14:38:37.084",
        "revoked": null
    }
},
{
    "model": "oauth2_provider.refreshtoken",
    "pk": 36,
    "fields": {
        "user": 23,
        "token": "MuFcG8EVC5jzudlgv0abvE751jxudk",
        "application": 3,
        "access_token": 36,
        "token_family": "ece6c3a3-c504-4454-9005-228eb7508444",
        "created": "2025-03-02T20:02:06.337",
        "updated": "2025-03-02T20:02:06.337",
        "revoked": null
    }
},
{
    "model": "oauth2_provider.refreshtoken",
    "pk": 37,
    "fields": {
        "user": 24,
        "token": "nmqkNarURpQyivWjwcWjApWVvzfoij",
        "application": 3,
        "access_token": 37,
        "token_family": "1ad2e2d8-1fb7-4438-afac-7f48c1f5981d",
        "created": "2025-03-02T20:03:01.385",
        "updated": "2025-03-02T20:03:01.385",
        "revoked": null
    }
},
{
    "model": "oauth2_provider.refreshtoken",
    "pk": 38,
    "fields": {
        "user": 23,
        "token": "1XlXdkrAC58ZTkYeiOfsMq26PBYX4x",
        "application": 3,
        "access_token": 38,
        "token_family": "e1c5b541-d0da-48dc-a531-29a98bdf9838",
        "created": "2025-03-02T20:13:45.248",
        "updated": "2025-03-02T20:13:45.248",
        "revoked": null
    }
},
{
    "model": "oauth2_provider.refreshtoken",
    "pk": 39,
    "fields": {
        "user": 9,
        "token": "PbIIHkwPKoxieHmV0iVmlcv7WVFZCh",
        "application": 3,
        "access_token": 39,
        "token_family": "08de0926-8663-47c7-bb84-9a1f97fdb6b3",
        "created": "2025-03-02T20:56:50.685",
        "updated": "2025-03-02T20:56:50.685",
        "revoked": null
    }
},
{
    "model": "oauth2_provider.refreshtoken",
    "pk": 40,
    "fields": {
        "user": 9,
        "token": "PJlo3oVnf3Cbyu5jF3zTxM3OoXW2te",
        "application": 3,
        "access_token": 40,
        "token_family": "9b13153b-10d4-4045-8746-ee6a3e4a3d8c",
        "created": "2025-03-02T20:57:03.385",
        "updated": "2025-03-02T20:57:03.385",
        "revoked": null
    }
},
{
    "model": "oauth2_provider.refreshtoken",
    "pk": 41,
    "fields": {
        "user": 25,
        "token": "gf2PdLl5V3EEq26SdsP2li5QCsrGct",
        "application": 3,
        "access_token": 41,
        "token_family": "70402c23-f4dd-41d3-9fbb-ff6b280b7de0",
        "created": "2025-03-03T12:51:21.426",
        "updated": "2025-03-03T12:51:21.426",
        "revoked": null
    }
},
{
    "model": "oauth2_provider.refreshtoken",
    "pk": 42,
    "fields": {
        "user": 9,
        "token": "4J7M1phqtyLT1GpuCeOO6KvuRDi9h0",
        "application": 3,
        "access_token": 42,
        "token_family": "f5e4f3e5-2497-4056-b70b-68ffc3a70463",
        "created": "2025-03-03T14:15:14.320",
        "updated": "2025-03-03T14:15:14.320",
        "revoked": null
    }
},
{
    "model": "oauth2_provider.refreshtoken",
    "pk": 43,
    "fields": {
        "user": 9,
        "token": "ODS4Rt3R9kgIRx8M1F5Y9hGCKekTvQ",
        "application": 3,
        "access_token": 43,
        "token_family": "55912c79-3b8d-4a45-be12-e6419af1620c",
        "created": "2025-03-03T14:46:20.857",
        "updated": "2025-03-03T14:46:20.857",
        "revoked": null
    }
},
{
    "model": "oauth2_provider.refreshtoken",
    "pk": 45,
    "fields": {
        "user": 9,
        "token": "ugIghgG8kD93Bk2e10xCDJFFE7QPY5",
        "application": 3,
        "access_token": 45,
        "token_family": "0e628a12-b767-4b2e-a7ee-6fb248dbd89c",
        "created": "2025-03-04T18:57:45.730",
        "updated": "2025-03-04T18:57:45.730",
        "revoked": null
    }
},
{
    "model": "oauth2_provider.refreshtoken",
    "pk": 46,
    "fields": {
        "user": 40,
        "token": "tmabwlrljUDl9F4ib07T2XkEI4284C",
        "application": 3,
        "access_token": 46,
        "token_family": "12a24bbd-742a-484c-9c31-f84c5f0d0485",
        "created": "2025-03-04T19:43:35.600",
        "updated": "2025-03-04T19:43:35.600",
        "revoked": null
    }
},
{
    "model": "oauth2_provider.refreshtoken",
    "pk": 47,
    "fields": {
        "user": 40,
        "token": "2arVMuHDNtACm6M7gfETgN9jqWzpmz",
        "application": 3,
        "access_token": 47,
        "token_family": "4bee00a1-9c8e-4a78-bf43-2594062627e8",
        "created": "2025-03-04T19:47:59.826",
        "updated": "2025-03-04T19:47:59.826",
        "revoked": null
    }
},
{
    "model": "oauth2_provider.refreshtoken",
    "pk": 48,
    "fields": {
        "user": 40,
        "token": "wrFtPs1V8krqEIA8vaBCg7e0m39tj3",
        "application": 3,
        "access_token": 48,
        "token_family": "1b53bc67-f223-4ed7-a456-a7bcf3aea25b",
        "created": "2025-03-04T19:54:33.482",
        "updated": "2025-03-04T19:54:33.482",
        "revoked": null
    }
},
{
    "model": "oauth2_provider.refreshtoken",
    "pk": 49,
    "fields": {
        "user": 40,
        "token": "hv3S0UIF70dQCITyXEEZKCTmuwdF7x",
        "application": 3,
        "access_token": 49,
        "token_family": "be5e2bd9-6ce8-40b5-a45d-07707a82d2f8",
        "created": "2025-03-04T20:02:31.650",
        "updated": "2025-03-04T20:02:31.650",
        "revoked": null
    }
},
{
    "model": "oauth2_provider.refreshtoken",
    "pk": 50,
    "fields": {
        "user": 40,
        "token": "Lg2VFZfMIUl94zU4LYTv3QkTHZ6BUP",
        "application": 3,
        "access_token": 50,
        "token_family": "6a108694-2bcc-4c05-a32a-6a9a3a9c4187",
        "created": "2025-03-04T20:10:31.514",
        "updated": "2025-03-04T20:10:31.514",
        "revoked": null
    }
},
{
    "model": "oauth2_provider.refreshtoken",
    "pk": 51,
    "fields": {
        "user": 40,
        "token": "lai44rR7C3xx5LsLM5lX7RQbxHdNwI",
        "application": 3,
        "access_token": 51,
        "token_family": "c8f7102c-d193-4638-afab-18dfcdaee807",
        "created": "2025-03-04T20:17:36.483",
        "updated": "2025-03-04T20:17:36.483",
        "revoked": null
    }
},
{
    "model": "oauth2_provider.refreshtoken",
    "pk": 52,
    "fields": {
        "user": 40,
        "token": "xXwXShHWqsT14h2JZyLzw3Bdzq3rfG",
        "application": 3,
        "access_token": 52,
        "token_family": "03bc48e5-f9cf-4bcd-bbca-4209128deff0",
        "created": "2025-03-04T20:47:51.691",
        "updated": "2025-03-04T20:47:51.691",
        "revoked": null
    }
},
{
    "model": "oauth2_provider.refreshtoken",
    "pk": 53,
    "fields": {
        "user": 40,
        "token": "dh2GmNk2uEjEOwzqu6uzZit5d5m7Hl",
        "application": 3,
        "access_token": 53,
        "token_family": "584aabe1-cbf1-4867-9d86-e8eee0a39d8b",
        "created": "2025-03-04T20:51:57.518",
        "updated": "2025-03-04T20:51:57.518",
        "revoked": null
    }
},
{
    "model": "oauth2_provider.refreshtoken",
    "pk": 54,
    "fields": {
        "user": 9,
        "token": "9aqmqpo5D3eC2VaWVMYSFHLC2dXFm9",
        "application": 3,
        "access_token": 54,
        "token_family": "63eef3c1-50f1-4881-8cee-3c3741e0af57",
        "created": "2025-03-04T21:01:23.578",
        "updated": "2025-03-04T21:01:23.578",
        "revoked": null
    }
},
{
    "model": "oauth2_provider.refreshtoken",
    "pk": 55,
    "fields": {
        "user": 40,
        "token": "67wzT0ZVcalQCH1uhnfGahCbIW1Bvx",
        "application": 3,
        "access_token": 55,
        "token_family": "5f9f0e11-622e-48b4-85c1-b9606ca3e53d",
        "created": "2025-03-04T21:17:37.493",
        "updated": "2025-03-04T21:17:37.493",
        "revoked": null
    }
},
{
    "model": "oauth2_provider.refreshtoken",
    "pk": 56,
    "fields": {
        "user": 41,
        "token": "Yx8V08d81TWBgUXlS3WFHcOjdQNBvW",
        "application": 3,
        "access_token": 56,
        "token_family": "1816c631-9ea2-4dac-a730-57c013a9fb8c",
        "created": "2025-03-04T23:29:25.492",
        "updated": "2025-03-04T23:29:25.492",
        "revoked": null
    }
},
{
    "model": "oauth2_provider.refreshtoken",
    "pk": 57,
    "fields": {
        "user": 9,
        "token": "uYVuvdcGN4m4rDcijIZgLADlpNTTCt",
        "application": 3,
        "access_token": 57,
        "token_family": "014259fe-1179-41d7-af55-3fae2e2435ad",
        "created": "2025-03-04T23:38:07.622",
        "updated": "2025-03-04T23:38:07.622",
        "revoked": null
    }
},
{
    "model": "oauth2_provider.refreshtoken",
    "pk": 58,
    "fields": {
        "user": 40,
        "token": "2RvCie8wfNcI27eoLC8AxAFHJd8gbT",
        "application": 3,
        "access_token": 58,
        "token_family": "e70228c2-bc4d-43e5-bed5-ba2003657981",
        "created": "2025-03-04T23:39:11.831",
        "updated": "2025-03-04T23:39:11.831",
        "revoked": null
    }
},
{
    "model": "oauth2_provider.refreshtoken",
    "pk": 59,
    "fields": {
        "user": 40,
        "token": "n1os6cDP9xFv28b0eFgvUTb5VI0i1H",
        "application": 3,
        "access_token": 59,
        "token_family": "ac46d863-b3bb-4eca-8dc1-6a3aad88a31a",
        "created": "2025-03-04T23:40:27.230",
        "updated": "2025-03-04T23:40:27.230",
        "revoked": null
    }
},
{
    "model": "oauth2_provider.refreshtoken",
    "pk": 60,
    "fields": {
        "user": 41,
        "token": "er7V0mF30KjCQXGfC40Py7UFvbuca6",
        "application": 3,
        "access_token": 60,
        "token_family": "949ead2d-5bd1-4b5e-8220-1ccb798ec1fb",
        "created": "2025-03-04T23:43:07.287",
        "updated": "2025-03-04T23:43:07.287",
        "revoked": null
    }
},
{
    "model": "oauth2_provider.refreshtoken",
    "pk": 61,
    "fields": {
        "user": 9,
        "token": "s7gJ8bUVH8mToZ6ZL3nFAbtKWotk1Y",
        "application": 3,
        "access_token": 61,
        "token_family": "0f5011b7-87d0-47c4-8df1-e5a6f0302df3",
        "created": "2025-03-05T16:11:56.843",
        "updated": "2025-03-05T16:11:56.843",
        "revoked": null
    }
},
{
    "model": "oauth2_provider.refreshtoken",
    "pk": 62,
    "fields": {
        "user": 40,
        "token": "ShsXWstFFjhnSOKwB0VKi1NLbdw7wY",
        "application": 3,
        "access_token": 62,
        "token_family": "63e4eaad-fdaa-4af9-9c30-95d55a528719",
        "created": "2025-03-05T16:26:38.525",
        "updated": "2025-03-05T16:26:38.525",
        "revoked": null
    }
},
{
    "model": "oauth2_provider.refreshtoken",
    "pk": 63,
    "fields": {
        "user": 41,
        "token": "7J83Plns1eFxD6fBC3AI8ATON5MAsU",
        "application": 3,
        "access_token": 63,
        "token_family": "2285be6b-9c99-489b-83d0-d23fb39eff12",
        "created": "2025-03-05T16:38:22.746",
        "updated": "2025-03-05T16:38:22.746",
        "revoked": null
    }
},
{
    "model": "oauth2_provider.refreshtoken",
    "pk": 64,
    "fields": {
        "user": 41,
        "token": "kI2BMwKqbfYAfD3KiAfRLYdNOiXEgF",
        "application": 3,
        "access_token": 64,
        "token_family": "2db28ba1-243d-4959-a617-e15ccf641d40",
        "created": "2025-03-05T16:38:42.615",
        "updated": "2025-03-05T16:38:42.615",
        "revoked": null
    }
},
{
    "model": "oauth2_provider.refreshtoken",
    "pk": 65,
    "fields": {
        "user": 41,
        "token": "2Pb8Unhhb0668PHoT6u9lCah3ZlpMH",
        "application": 3,
        "access_token": 65,
        "token_family": "97ae3d69-083b-4772-aa24-fc4bed1cbc4f",
        "created": "2025-03-05T16:54:21.072",
        "updated": "2025-03-05T16:54:21.072",
        "revoked": null
    }
},
{
    "model": "oauth2_provider.refreshtoken",
    "pk": 66,
    "fields": {
        "user": 41,
        "token": "ImGIew7Wm4OoWxDamZoRMQs1nhjeiI",
        "application": 3,
        "access_token": 66,
        "token_family": "a924100e-adb9-4b4e-a36b-dad3b4a4472f",
        "created": "2025-03-05T17:12:51.054",
        "updated": "2025-03-05T17:12:51.054",
        "revoked": null
    }
},
{
    "model": "oauth2_provider.refreshtoken",
    "pk": 67,
    "fields": {
        "user": 41,
        "token": "lcQh1mR31OjpP3vnMbu2Nhc3AHLI5d",
        "application": 3,
        "access_token": 67,
        "token_family": "bef1452f-1e8c-4a09-a8c4-1fff1b73cc3f",
        "created": "2025-03-05T17:25:11.904",
        "updated": "2025-03-05T17:25:11.904",
        "revoked": null
    }
},
{
    "model": "oauth2_provider.refreshtoken",
    "pk": 68,
    "fields": {
        "user": 40,
        "token": "Yen3M2tjILeYMJyXaDL1kHFdn6gKfK",
        "application": 3,
        "access_token": 68,
        "token_family": "fe49650f-2bdd-4d9a-a794-22d1ac68e2a3",
        "created": "2025-03-05T17:36:05.360",
        "updated": "2025-03-05T17:36:05.360",
        "revoked": null
    }
},
{
    "model": "oauth2_provider.refreshtoken",
    "pk": 69,
    "fields": {
        "user": 40,
        "token": "oggSKhKsfqS3VEvV9QOIlRbB1JgGvz",
        "application": 3,
        "access_token": 69,
        "token_family": "b60ceb87-7ee2-4e54-a428-9de5a9dcf5c4",
        "created": "2025-03-05T17:53:38.782",
        "updated": "2025-03-05T17:53:38.782",
        "revoked": null
    }
},
{
    "model": "oauth2_provider.refreshtoken",
    "pk": 70,
    "fields": {
        "user": 41,
        "token": "DgxrWF8nd6Yiq0mWI1eteRcoZcBV9P",
        "application": 3,
        "access_token": 70,
        "token_family": "348ae0b3-d712-4040-87ae-a80abf9cf198",
        "created": "2025-03-05T19:28:33.870",
        "updated": "2025-03-05T19:28:33.870",
        "revoked": null
    }
}
]
